-- --------------------------------------------------------
-- 호스트:                          dev2.dataeum.kr
-- 서버 버전:                        10.11.10-MariaDB - mariadb.org binary distribution
-- 서버 OS:                        Win64
-- HeidiSQL 버전:                  12.8.0.6908
-- --------------------------------------------------------

/*!40101 SET @OLD_CHARACTER_SET_CLIENT=@@CHARACTER_SET_CLIENT */;
/*!40101 SET NAMES utf8mb3 */;
/*!40103 SET @OLD_TIME_ZONE=@@TIME_ZONE */;
/*!40103 SET TIME_ZONE='+00:00' */;
/*!40014 SET @OLD_FOREIGN_KEY_CHECKS=@@FOREIGN_KEY_CHECKS, FOREIGN_KEY_CHECKS=0 */;
/*!40101 SET @OLD_SQL_MODE=@@SQL_MODE, SQL_MODE='NO_AUTO_VALUE_ON_ZERO' */;
/*!40111 SET @OLD_SQL_NOTES=@@SQL_NOTES, SQL_NOTES=0 */;

-- 테이블 homepage2025_db.board 구조 내보내기
CREATE TABLE IF NOT EXISTS `board` (
  `BOARD_ID` char(20) NOT NULL COMMENT '게시판ID',
  `BOARD_TYPE` varchar(10) DEFAULT NULL COMMENT '게시물타입',
  `BOARD_SJ` varchar(2000) DEFAULT NULL COMMENT '게시물제목',
  `BOARD_CN` mediumtext DEFAULT NULL COMMENT '게시물설명',
  `INQIRE_CO` int(11) DEFAULT NULL COMMENT '조회횟수',
  `CREAT_IP` varchar(30) DEFAULT NULL COMMENT '생성IP',
  `NOTICE_AT` char(1) DEFAULT NULL COMMENT '공지여부',
  `OTHBC_AT` char(1) DEFAULT NULL COMMENT '공개여부',
  `USE_AT` char(1) DEFAULT NULL COMMENT '사용여부',
  `ATCH_FILE_ID` char(20) DEFAULT NULL COMMENT '첨부파일ID',
  `FRST_REGIST_PNTTM` datetime DEFAULT NULL COMMENT '최초등록시점',
  `FRST_REGISTER_ID` varchar(100) DEFAULT NULL COMMENT '최초등록자ID',
  `LAST_UPDT_PNTTM` datetime DEFAULT NULL COMMENT '최종수정시점',
  `LAST_UPDUSR_ID` varchar(20) DEFAULT NULL COMMENT '최종수정자ID',
  PRIMARY KEY (`BOARD_ID`)
) ENGINE=InnoDB DEFAULT CHARSET=utf8mb4 COLLATE=utf8mb4_unicode_ci COMMENT='게시판';

-- 테이블 데이터 homepage2025_db.board:~11 rows (대략적) 내보내기
INSERT INTO `board` (`BOARD_ID`, `BOARD_TYPE`, `BOARD_SJ`, `BOARD_CN`, `INQIRE_CO`, `CREAT_IP`, `NOTICE_AT`, `OTHBC_AT`, `USE_AT`, `ATCH_FILE_ID`, `FRST_REGIST_PNTTM`, `FRST_REGISTER_ID`, `LAST_UPDT_PNTTM`, `LAST_UPDUSR_ID`) VALUES
	('BOARD_00000000000001', 'NORMAL', 'test111', 'test1111', 6, '0:0:0:0:0:0:0:1', 'N', 'N', 'N', NULL, '2025-05-27 23:46:45', 'user1', '2025-05-27 23:47:04', 'user1'),
	('BOARD_00000000000011', 'NORMAL', '테스트11', '테스트11', 3, '0:0:0:0:0:0:0:1', 'Y', 'N', 'N', NULL, '2025-06-03 23:14:25', 'admin', '2025-06-03 23:14:35', 'admin'),
	('BOARD_00000000000021', 'NORMAL', 'test', '<p>ㅁㄴㅇㄻㄴㅇㄹㄴㅁㅇㄹ</p>\r\n<p><img title="Oi88e1594808110.jpg" src="data:image/jpeg;base64,/9j/4AAQSkZJRgABAQAAAQABAAD//gA7Q1JFQVRPUjogZ2QtanBlZyB2MS4wICh1c2luZyBJSkcgSlBFRyB2NjIpLCBxdWFsaXR5ID0gOTAK/9sAQwADAgIDAgIDAwMDBAMDBAUIBQUEBAUKBwcGCAwKDAwLCgsLDQ4SEA0OEQ4LCxAWEBETFBUVFQwPFxgWFBgSFBUU/9sAQwEDBAQFBAUJBQUJFA0LDRQUFBQUFBQUFBQUFBQUFBQUFBQUFBQUFBQUFBQUFBQUFBQUFBQUFBQUFBQUFBQUFBQU/8AAEQgB6AKMAwEiAAIRAQMRAf/EAB8AAAEFAQEBAQEBAAAAAAAAAAABAgMEBQYHCAkKC//EALUQAAIBAwMCBAMFBQQEAAABfQECAwAEEQUSITFBBhNRYQcicRQygZGhCCNCscEVUtHwJDNicoIJChYXGBkaJSYnKCkqNDU2Nzg5OkNERUZHSElKU1RVVldYWVpjZGVmZ2hpanN0dXZ3eHl6g4SFhoeIiYqSk5SVlpeYmZqio6Slpqeoqaqys7S1tre4ubrCw8TFxsfIycrS09TV1tfY2drh4uPk5ebn6Onq8fLz9PX29/j5+v/EAB8BAAMBAQEBAQEBAQEAAAAAAAABAgMEBQYHCAkKC//EALURAAIBAgQEAwQHBQQEAAECdwABAgMRBAUhMQYSQVEHYXETIjKBCBRCkaGxwQkjM1LwFWJy0QoWJDThJfEXGBkaJicoKSo1Njc4OTpDREVGR0hJSlNUVVZXWFlaY2RlZmdoaWpzdHV2d3h5eoKDhIWGh4iJipKTlJWWl5iZmqKjpKWmp6ipqrKztLW2t7i5usLDxMXGx8jJytLT1NXW19jZ2uLj5OXm5+jp6vLz9PX29/j5+v/aAAwDAQACEQMRAD8A/VOiiigAooooAKKKKACiiigAooooAKKKKACiiigAooooAKKKKACiiigAooooAKKKKACiiigAooooAKKKKACiiigAorM13xFpXhfT3vtZ1K00qyQZa4vZ1ijXHPLMQK+a/iT/AMFLv2f/AIbPLA3jL/hJL1Mj7L4dt2uyWHYOMR/+PYoA+p6K/NLxZ/wWRS53p4F+Euq343EJc65drbKR2JVA/wCW78a8i8R/8FO/2i/Ebn+yrDwp4VhZSMJatcSKexy7sM/8BxUuUVuylGT2R+xOT6UZPpX4Y6v+1/8AtMeIWDXfxeubPnldOsoIAP8AviNc1y958Y/jZqcrS3fxo8Ws7fe8q+kjB/AMBU+0h3L9nLsfvvRX8/jfEX4sdvjF4zz151OYj/0Or+m/Gz446K4ex+NPiiNl6eddNIPyZiKXtI9w9nLsfvpRX4f6J+29+074WZTB8TINbjXrDq2m27hvq3l7vyYV6An/AAVT/aFtdPW2fwp4OvLsDH2wQzKGPqV84D+VUpxfUlwkuh+wFFfkC3/BVf8AaEM1uy+D/BixqmJYykx3t/eB+0fL9Oa2tN/4K4fGK0Yf2j8LvDt8vf7Ldyxn8Mu1PmXcXI+x+slFfmfo3/BZWW28tfEfwa1SEZ+eXTdSWTH0Voxn/voV6v4Q/wCCufwH8RTRQatL4h8JTsPm/tbTd0an/ehZzj3wKaaewmmtz7Zory/4eftOfCn4rCIeFPiBoOrzS/dtkvUjnJ9PKcq+f+A16hTEFFFFABRRRQAUUUUAFFFFABRRRQAUUUUAFFFFABRRRQAUUUUAFFFFABRRRQAUUUUAFFFFABRRRQAUUUUAFFFFABRRRQAUUUUAFFFFABRRRQAUUUUAFFFFABRRRQAUUUUAFFFFABRRRQAUUUUAFFFFABRRRQAUUUUAFFFJn1oAWopZUhR3kcIigsWY4AA6knsK+Qv2l/8Agpb8OPgXdXPh/wAP7viD41QlP7M0mQG3gcdppwCFIPVVDEd8V+cfxo/aa+Mv7Ss00fi/xRL4f8NSHK+GtBYwQbc8CQg5kPP8bN7AVLko7lRjKWx+m3x0/wCCkXwY+CMtxpw1xvGPiKPK/wBk+HMXJVx/C8oPlqfUbiR6V8Q/FD/gp58cPiYZrbwVpmnfDXR5MqtzIour4qc4O9xtU4x0QHPevl/SPDunaGgFnapG3QyEZY/VjzV+aeO3jLyOEQdWY4rnlVv8KOiNFLWTKnilfEHxI1FtR8deLda8YXxOS2o3juinrhVJO0c9BgUafoWnaUALWyhgI/iVRu/M81RuvFcERIgjaU/3m+Uf41nSeK7tj8oijB/2c1m+aW5quVbHXE9jRXJR+KrtWyyxOO424/lWpY+Jre6YRyqYHbgEnKn8e1Q4tFKSZs0UUE4qSgoHPSszVtai035FHmTkcID933PpXNXOt3tyxLTsg/uxnaB+VWotkuSR3FFcCmpXaEEXMo/4EauweJb2E/M6zL/trz+Yp8jFzI7GisK18VwSECeJoj3ZfmX/ABrYt7qK6TfFKsi/7JqGmtyk09iXJHSop7WC6G2aGOUHqHUN/OpaKAOevPAeh3p3GyFu/UNbsUIPrxxXffD74z/GX4OGJfBPxP1m3soiNul6pMbq2wOwSTcqj/dUfWsKirU5LZkuEXuj7C+GX/BXXxl4ZMVt8U/h/Dq9qMK+reGn8uQc/eaFiVOB6MtfbfwR/bZ+Dv7QCRReFvGNomrOMnRtUP2S9U9wEfAfHqhYe9fjFz2NY2q+EdM1ZxLJbiC5BBFxbnY6kdDkdSPetlW7oxlR7M/osor8P/g3+2t8c/2fPItrTXP+Fg+GIsA6Pr7F5UQdo5s7179yP9k1+h/7OH/BSD4V/H6e30a8u28C+MXIQ6LrrrGsr/3YZjhX56KdrH+7W6kpbHO4uO59Y0UgORS1RIUUUUAFFFFABRRRQAUUUUAFFFFABRRRQAUUUUAFFFFABRRRQAUUUUAFFFFABRRRQAUUUUAFFFFABRRRQAUUUUAFFFFABRRRQAUUUUAFFFFABRRRQAUUUUAFFFFABRRRQAUUUUAFFFFABRRXhn7Vn7WvhD9lHwR/a+vSG/1y8ymk6DbsBcXsg/PbGCRucjA6DJIBAO/+Knxa8J/BLwdeeKPGet2+iaNaj5pbhvmkbtHGo+Z3PZVBJ/M1+S37Sv8AwUG8f/tNvfaB4MN18P8A4cMxRpo326hqUfTDuv3FPdEOOcMzdK8Z+LHxN8bftMeNj4u+JN+Z9pP9naDCStnYRk8KqZxnpknLMfvE8AZoAQAAAKowAOABXPOrbSJ0wp31kZ+i+H7DQIfLs4AhP3pG+Z2+prSoorlbvqzpStogqOS3imILxq5HQsM4qSikMiFtCOkMf/fIpGs4G6wRH/gIqbBPODTDNGHCmRAx6LuGT+FMRUl0SxmGDbIPdfl/lWfc+E4H5hleM9g3zCt6impNBypmbpUd3Zj7NcjzEH3JVOeP7p71flDmMhGCORwxGce+KfRSvcEYw8MWxYvNLLM5OWJIGTVhPD9gnS3Df7zE1o0U7sLIqLpNkvS1j/75p39mWnT7NH/3yKs0UrsLIpNo1i3W1j/LFLBpNpbPvigVH7EE1cpgmjaQxiRTIOqBhkfhRcLIfRRnFFIYUUUUAFFFFABWXrfhvT/EEW28gDOB8sy/K6/Rv6dK1KKadndCaT0Z7H+z3+3f8Vv2ZXtdN1aab4j/AA/iwpsb2Q/bbOP/AKYynJwBn5W3L2+Wv1X/AGfv2m/h/wDtMeF/7Y8E60l3JEo+16ZP+7vLNj/DLGeQM9GGVPYmvxFqrok+u/D7xZaeL/AmsXHhjxTZndHdWjbElHdXX7rK3Qggqe4NdMKvSRzypdYn9DtFfE/7GP8AwUb0T483dr4H8dww+EviYqhFjZttpqjAcmAk/K5Az5ZJz/CW5A+2K6TlCiiigAooooAKKKKACiiigAooooAKKKKACiiigAooooAKKKKACiiigAooooAKKKKACiiigAooooAKKKKACiiigAooooAKKKKACiiigAooooAKKKKACiiigAooooAKKKKACiiuI+MPxa8O/A34da1418VXgs9H0uEyNgjfM54SJAfvO7YUD1PYAmgDgv2tP2q/Dn7KXw4l13VANR1283Q6NoqPiS9nxxnusa5BZscDAGSQK/GLxf4t8U/Gfx/e/EH4gXx1HxHe48qDGILKIfciiTooUdB6kk5Ykne+KfxL8S/tEfEG7+J3jMlJr4mLRNHyTHp1kCdoUHuc/e6sSzdwBz9clSp9mJ106dtWFFFFc50BUc9xFawtLNIsUSjLO7BVH4muc1vxrFZ3X2DTYTqepNwIouUQ+5H8vzxVS38F3muSrdeI7trhvvJZQNtjT2JH9PzNWo21kQ5a2WpNefEK2kuDbaTaT6tcD/nkpCA+5xnH4VEIfGOscyTW2jRH+FBucD9f5iuqsrK306ARWsEdvEOixqAP/r1PVcyWyDlb3Zxv/Cv5rvH2/X7+5PcK21f1Jq5YfDzSNPuorlRPNNEQwaWUnBHQ4GK6aip55dw5Y9g75oooqCwooooAKKKKACiiigArmdZ8B2OqXMl5FJNZX7tu8+Jz973H+FdNRVKTWwmk9zirfxFqXhW5jtNfAntHOI9QjGR9G/zn612ccizIroyujAMrKcgg9xUV7Zw39tJb3EYmgcYZGHUf0PvXGWVzN4C1RLC6kMui3LEW07c+ST2Pt/8Ar9auyltuTrHfY7qikGMZHP0payLCiiigAooooAKKKKAMnXPD0GtLFJve1voCHt7yBiskLA5BBHPBGf5Yr9D/ANgj/goNd69qNh8Jvi/erH4mwsOi+JJ2ATUx0WGZjx5vQK38fQ/Ngt8DVma9oUOvWflSExTRkPDcJw0TjoQevWtqdRx0exjUpqWq3P6JqK+Bv+Ccv7cN18UoV+E/xEuCvj7SoCbDUpm41i3X1J6zKuCf7ygt1DV9812J3OJqwUUUUwCiiigAooooAKKKKACiiigAooooAKKKKACiiigAooooAKKKKACiiigAooooAKKKKACiiigAooooAKKKKACiiigAooooAKKKKACiiigAooooAKKKKACiiigBjkKCScAck+lfjx+2l8e3/a1+OLeGdIuTL8LfBVwVLRn5NTvhkNJ6Mo5Vf9kMf46+v/8Agpf+0rc/CD4UW/gjwxOR478blrC0ERxJbWp+WabjkEghFPqzH+E1+e/g3wvb+DPD1rplvhjGN0sneSQ/eY/U/pXJiKvs42W7OrD0/aSu9kc34zYnWjHgKkcSqqgYAGO1Yddv4t8PyaiEu7Zd0yLhkHVl7Ee4riJAYSwcFCudwbjH1zXJTkmkkdk4tPUa7rGjO7BVUFmYnAA9TXFXes3/AIzupLDRWNvpyfLcX5BGfUL/AJyfam3t3cePtRews3aLRLd8XFwvHmt6D2//AF+ldjYWEGmWsdtbRCGCMYCKP1PqfeujSG+5hrLbYp6H4dsvDtt5VnHhiPnlbl3PqT/TpWpRRWbberLStogoorA8Q+MLTQ3W2RWvNQfhLaHk5PTd6fzoSctEDaSuzfpqSJIDsdX2nB2kHB9DXGLoGveJj5mr3zadatyLO2OGx6Mf8c10Wh+HrPw9bvFaI4Eh3MzsWZj0zVcqXUSbb2NPOKydX8TWWiXlrBdmRPtBwJQuUU5xye1W7rUre0uYLZ3LXc52w2yAtJK3QKqjkknj61Q1f4TePvGNnctD4N165RVZlEWnysqYGR/D+tNK712E2/s7m1Vdr62S9SzaeNbplLLCW+Zh6gVk+CdSfU/Dlq0uTPEDDIG6gqcc++MVW8b6A+oWS39nmPU7L97E69WUclf6j/69JK0uVjv7t0dPRWZ4c1qPX9It7xQAzDEij+Fx1H+fWtOpas7Mad1dBRRRSGFFFFABVDWtJh13Tp7OcfJIOGxyjdmH0q/RTTtqhbnJ+BtWnC3GiX5/0+wOxST9+PsffH8iK6yuM8bQto2o6f4gt15hcQ3IH8SH1/UflXYRSLNGkiHcjqGUjuCMirkr+8upMdNH0H0UUVmWFFFFABRRRQAUUUUAZupxalZXuna7oF5LpniTR5lu9PvLdtjpIpDAA/UfT16mv2g/Yn/alsf2p/g7a63KY7bxZppWx17T1+Uw3AHEir1CSAbh6HcvVTX44dK9H+CnxS1D9kP4y+HviJZ+Y/hfUxHp/iixjzhoXI/e7f7ynDD/AGlI/jNdFOok1F9TCrT5lzLofubRVHSdUs9d0uz1KwuY7ywvIUuLe4iOUkjZQysp7gggj61errOMKKKKACiiigAooooAKKKKACiiigAooooAKKKKACiiigAooooAKKKKACiiigAooooAKKKKACiiigAooooAKKKKACiiigAooooAKKKKACiiigAooooAKqalqFtpGn3V9ezLbWdtE0000hwqIoLMxPYAAn8Kt18Vf8FTvjbcfDz4D23gnRZiniTx5c/2XEqHDLajBnb1AIZEz/tn0NJu2oJX0Pg3xl8TLr9pf4/eLfipelzpKzHTPD1vJ0htIyVVgOxYZY/7Tt7VfPWs7w7ocHhrQrHTLYYitYhHn+838TfUnJrRrwqs/aSbPdow5IpBXlvxR1OXxPrVp4J0cJ9uugJL662g/Z4epGexI5Ptgd69B8RazD4b0O+1S4x5VrEZMf3iB8q/icD8a4z4M6DLHpFz4l1Eb9W1tzcM7dViydqj0B6/Tb6VVO0U5vpt6iqatQXXf0Oi0jwDomiabBZW9mvlRKBuJO527s3qTWH4oSws7gWlnbqki8ySZJIPZR/Wux1rUl0nTpZzguBtQerHpXmUjtLIzuxZ2YszHuTVU+aT5pMmfLFcqQlFGax/FGvp4c0p7g/POx2Qx/3nPT8B1roSu7I520ldlDxT4kuLe4j0nSgJtVnGMjpEPU+9WvDXhW20CMysftWoycy3T8sSeoXPQfqar+DvDj6VA97e5k1O7O+V25Kg87R/X/61dLVydvdiTFX1YYqlrGqRaJp095Of3cY+7nlj2Ue5NXa6P4B/CY/tCftA6J4WnjMnhvR8aprLAcNGpGIyfViVXHozHtUq272RaTk0o7vQ+pv2Av2WYdH0W3+LPjawW58U6uBNpFtcpkadbfwyKp6SMOQeqrjuxr7dSQq4OSQCCQTwaijjSGNIokEcSKFVFGFVQMBQOwAwKdXDObnLmPo6VGNKKiv+HPxf8X+HP+EE+NvxO8L7fLjsdbnkhUnpE7ll/wDHStMr0n9s/RR4c/bL8SFIhHHq+l2t8CP4jsVS35ofyrzau5u9n3SPnZLllJdmzitGUeF/Gl1pf3bLUB59uOytzlR+o/AV2o6VyXxFtHXTLbVIARc6fMJQR12kgH8M4rprK7S/tILmM5jlQSLj0IzVS1SkZx0biT0UrKUxkEZGRnuPWkrMsKKKKACiiigCjrWnrquk3lo3PnRED2bHB/PFZPw9v2vfDMCSH99as0DDuMHj9CPyrpM1x3hL/QPFfiHTxwhkE6jPr1/mK0WsWiHpJM7Giiisywoo+poBB70AFFFFABRRnAyat6fpV1qkoS3iLDPLkYVfqaG0tWCV9ES6Dpp1TU4YsZjU7nPYAf49K7/WNJttd0q7067QPa3MbRuPQHoR7g4I9wKj0TRotFtfLQ75W5eTH3j6fStCuScryuuh1wj7tmfXv/BKj48XWs+Dtc+DPiS536/4LfdpryH5p9OZvlA9fLYgeyyIO1ffQ6V+F+j/ABCuv2e/jj4J+LGnh/s1hdLY6zEhx51lJ8rg+vylsf7Sr6V+4ulala61plpqFlMtxZ3USTwTIcq6MoZWB7ggg17NKftIpnjVYckmi5RRRWpkFFFFABRRRQAUUUUAFFFFABRRRQAUUUUAFFFFABRRRQAUUUUAFFFFABRRRQAUUUUAFFFFABRRRQAUUUUAFFFFABRRRQAUUUUAFFFFABRRRQA3HNfjT+1V8R/+F7ftn+JtQim+0eH/AAPCND0/BDIZlJ85xjvvaTn0VfSv1R/aJ+KEPwY+B/jbxrKwVtI0yWaEE43TkbYV/GRkH41+LHwh0ye18GxX967S6jq0r6jczOcs7SHIJPqRz9Sa5cRLkh66HTh4c00+x21FHXgU15EiGXdUH+0wH868c9nYratpVprmnzWN9AtxaTACSJicNggjpz1FTwwx20EcMKLHFGoVUUYCqBgAfhVG68R6daZ33Ssw/hj+c/pWJfeOxyLS2P8Avyn/ANlH+NUoyeiRDlFalTxtqHn36Wit8kC5b3Y/4D+tc5T553uZ5JZDukdizH1JpldcY8qscspczuIfc1xOnr/wmPi6W+f5tN00+XAv8Lydz/X8FrY8b6s2keH52jJ+0TkQxAdcn0+gzVrwvo66HolraAAOF3yH1Y8n/D8K2j7sbmT1lY1fqeaKKKzLK2o3sem2NxdSkeXChc++B0r7z/4JrfCg+EfgrdeNNRixrfjK6a7LsPmW1jZliXPoW3t9GFfn9q+iXXjLWvDvhGwBN7r+ow2a7RkgMygt9BkE+wNftR4Z8PWnhHw3pWhWCCKy0y1is4UXoqRqEH6Cpqy5YW7nfgqfNUcn0X4s0qKOOprqvDPhfzgl1eKdnVIT39z/AIVyQg5uyPVq1o0Y80j8rv8AgpJo7aX+0v4F1F0MZ1Lw+UDMMbgksoH868Dr6+/4K92q2/xX+C94q4LWt9CW9g6YH/jxr5Br0JLlUV5HzLqe0lKVrXZV1KzXUdOurVhlZomT8xWB8OLxrjwzHFJ/rLWRoD7AHI/nj8K6kcHPpXHeBsW2s+JLMcLHdbwPQEtTWsWhPSSZ7B4dsbfXdCME6/PA7Ksg+8gPI59PasPWPD91o7kuPNgz8syjj8fStbwDORc3cOeCoYfUHH9a7F1DqVYBlIwQRwRXG5OEn2OtRU0jyWiu41PwVbXLNJav9mc87eqH+orAn8IapE2BAso9UcY/XFaqpFmThJGNV3R9Kl1i9WFMhBy744Uf41p2Xgu+uHHn7baPuSwZvwArsdN0yDSbYQwLgdWY/eY+pqZVElaJUabb1PNL61NleTwEcxuVz6jsfyriVH2f4pOB0nscn3I//Zr0/wAa2wh1gSgcSxhvxHB/lXEy6AJPE8GriYgxwmHytvXOec/jW1OSau+qMpp3su5marr154f8SRC9IfR7vCRuFwYXx3P1/T6V1IOaoa5o8Wu6XPZS4AkX5W/usPut+f8AWsjwHq8t5p0un3eRe6e3kyAnkgcKf0x+FW1zRuiNpWfU66xu/sN5FOQrhGBZWGQw7jH0r0U6Ppt3Gsn2SBldQwIUDINeZ16D4QuzdaJGrHLQsY/wHI/Q1y1E7Jo6abu7Mlfwtpb8m0Uf7rMP60z/AIRPS85+zH/v43+NbFQ3F7b2YzPPFF/vsBWPNLubtRW6KkHh7TYCClnGSOQWy3860FVY0CqoVR0CjAH4Vn/8JFpecfbYvzqaHV7Cf7l5C3/AxUtSe4Jx6FuikV0kGUZWHqrA0tIozPEmhReJdBv9LmA2XMRQH+6xHyt+Bwa/QX/glv8AGOf4lfs1weHdUlZ9f8FXTaJchySxhHzQMf8AgJKf9szXwaDg16N/wT+8en4U/tm3/hyWTydI+IGmkKhOF+2Q5dCPcgSj/tp9K7sLPVx7nBio3Skuh+uVFFFeoeYFFFFABRRRQAUUUUAFFFFABRRRQAUUUUAFFFFABRRRQAUUUUAFFFFABRRRQAUUUUAFFFFABRRRQAUUUUAFFFFABRRRQAUUUUAFFFFABRRRQB+fX/BYj4iSab8IPCHw/tJStx4p1hZblUfBNtbgMQR3BkeM/wDAK+AY/EGowQxwx3TJFGoRVVVAAAwB09BXu/8AwU58Yv4z/bJsdDBD2nhTRIkG05xLNmRs++HQfhXzxXHXs2kzsoXim0W5dXvpvv3k7A9RvOKqszSffJb/AHjmkorCyWxvdvcKKKKACiiormcW1vJKeiKW/SgDjNakGvePdL0371vZgzyDsWHP9AK7jrzXn/gUNdeLtYuXOWVAmfqQT/KvQK0no0jOGqbCiikyFGSQAOTn0qDQ9X/Ya8Ff8J9+1rb6lKhksfCGmyXpOeBO42Jn8ZCf+AV+ptfDf/BLTwoR4P8AH3jSaIebrGqrZwy9zHEpYj6bnH5V94aRpr6rqEcC5Cnl2H8IHWuet70+VdND2cJanQ55dbs2PCegfbpBeTr+4RvkQ9GI7/QfzruQMCo4IUtYkijUKiAAKOwFSV104KEbI8etWlWnzPbofmr/AMFiFVNd+CEnG9rrUFz7L9n/APiq+KT1Nfa3/BYld2sfBU/3bu9A/wCBeTn/ANBFfFJ6057Iwh1CuP8ACvHjTxR/vx/1rsK4zwewfxh4oP8A01UfkWFTHZ/11Lluj07wbL5WuxqT99GX9M/0r0A9a8v0i+GnalBcsCyxt8wHXBGD/OuyfxrpwXIMrn0CVyVItyukddOSSszexntTWZU+8yr9TiuJ1Pxtc3IKWqfZkP8AGeXP9BXPSzSTsWldpGPUsSf50o0m9xuolserCeI9JUP/AAIU4EHoQfxryTAHOBTw7r0dl+jEVfsvMPa+R0/jyaJ57VFcNIisWAPQHGM/lXLUck5JyT3qmNWtTqZ08SD7YI/N8rB+7nrnpWsY2Vkc7d3cuVxmqD+wPHtjeqNtvqSGCXHA3jgH/wBB/WuzrlPiTaGbw2blB+9tJUlU+nOD/MVrDe3czltfsdXXTeDdThsIr77RII4wFfJ7nkYHqa5KwuhfWNvcLyJY1f8AMZqespRvozSLs7o6HVvGFzeFktM20PqPvt+Pb8K55mLsWclmPJLHJoooUUtgcm9wrk/G11Pp+paBcxyssX2rypFBIVg2Oo78ZrrK434ojbolpMPvR3SMPrg1pDWSRnPZs7RZHjOUZkI/usRVuHXNQt/uXko9i+7+dZtrcreW0c6dJFDfnUtQ0nuaJ22NuLxjqcWAZY5B/toP6Vlav8Sr7wh4w8E+OIIkjvPDGrwXoeEHc0YdSy8noduPxqGsrxRY/wBpeHtQt8ZZoWK/7w5H6inBKMk0iZNyi0z+hrR9Ut9b0my1K0kWW1vIEuIpFOQyOoZSD3yCKvV87f8ABP34gH4j/shfDjUZJTNc2enjS52YjIa3YwjOP9lFP419E16R5oUUUUAFFFFABRRRQAUUUUAFFFFABRRRQAUUUUAFFFFABRRRQAUUUUAFFFFABRRRQAUUUUAFFFFABRRRQAUUUUAFFFFABRRRQAUUUUAFFFUNb1FdI0W/vmwFtbeSYk9AFUt/SgD8FvjN4oXx/wDtP/GDxKjM0U2uzWsJbtHExjUD8EWsSsHwldnVU1fU2+Z7/Uri4ZvUs5Of1rergqO8md9NWigpglVpWjDAuoDEdwD0/lT6xILrb4nuI8nDoF/EAH/GoSuW3Y26KKKQwrI8Tz+VpuwdZHC/h1P8q165fxZOWuoYgfuLuP1J/wDrVUVdkydkZHw8O3xFrynqQhA/E139eaeHrwaZ46UOQI76LZk/3u36j9a9Lq6m9yab92wVn+ILv7DoWoXH/POByPrjA/nWhXNfEOZk8LXKIMvM6RgepLCoirtIpvRn6lfsG+El8Ifsp+BYtnlzahBLqUuRyTLIzKT/AMBC/pX134N0wWmnmdl/ez/N9F7D+teS/Bzw0NM8BeCtCRPLW10qzt2UfwhYUDfyNe8IgjUKvCgYwOwrOmuacps9HFz9nThSXZDqKKK6jyj80P8AgsJcBvFfwUtAfmMt9MR7Awj/ABr4uJ5r64/4K5Xwn+OPwgsQc+Tp15My+m5wM/8AjlfI9RU6Dp9QyB17cmuL8IwC38RalN5m83ZZ+R05ziur1Gf7NYTyDghDj69BXJ+HG26tBz1DD9KUdmU90drRRRWZYUUUUAFFFFABXHaODd/EXWp85FvCkWfQnH+Brr2cRqzkgKoLHPoK5H4dRm5h1bU2GDe3TMD6gE4/UmtI6JsiWskjsKzfElsLvw/qMWMlrd8fXaSK0qiuk32sy4zujYf+OmoTsymroxPAN2LzwlYNnmNTEf8AgJI/liugrjPhVNv8OyQk8xzNj6GuzqpK0mTF3SCiiioLCuP+KYB8MKfS4TH612Fcd8Um/wCKchQfxXKD9DWkPiRM/hZp+EroyWbQE8xkFfof/r1vVxegXP2TUYcn5JBsP9P1xXaUpLUUXdBSMoYbW5DcEUtFSWfoX/wRt8VtdfB/x54TkdN2g+IDJHGOqxzxjB+haJ/yr9B+1flD/wAEffEX2T45/FvQjKFjvNPt71I/UxylSfwEtfq/XoLVJnmyVmwoooqhBRRRQAUUUUAFFFFABRRRQAUUUUAFFFFABRRRQAUUUUAFFFFABRRRQAUUUUAFFFFABRRRQAUUUUAFFFFABRRRQAUUUUAFFFFABXGfGe5Nl8HvHVwpw0WhX0g+ot3P9K7OuU+K9p/aHwu8YWoGfP0a8jwBnOYXH9aAP57/AIars8HWZ/vNIf8Ax411Fcd8L7vzPDi2rcPA7cHqAWz/ADrsa8+fxM9CHwoK5KCfd4n356zMo/IiupnlEMMkh6KpY/gK4jTG3apbMScmVT+tOK3CT2O7ooorMsK4fWZvtGqXDDoG2j6DiuzuZvs1vLKeAilv0rzO/wBYtrBv38mJD82xRljWsFczm7IqeIYXWCG8hz5ts4cEemea9K8P6umtaVBcoRuYDcPQ15idau70YtdOd0PG6XgEVYsLnxDbHMM8FijAKQihsD6YNbSjdWMoys7nrFYuv2p1HU/DFhgn7ZrFtDjHXLgY/WseLwzr14BJJ4mcowyPKjwKitvA17d+M/CFhJ4ivd2oavb2y3CghrYs6jzU+b7y5yOnIrKMUnuattq1j+gDwHpnlXTtsO23jES8d+n8hXblTnOK+DdB/wCCfPj9rI3Fn+0x45gZnOPMd3BwcZOZTW1/wx1+0XoMefD/AO1RqzOo+WPVNOEqn2OXb+VFOKjFWZeIqOdRtryPtjFFfEzeGv25/AcUAtfFPgH4iQxn5ku4Ps8zj03bEGfxqKT9uH40fCwkfFn9nTWoLFH2vqvhWU3cIAHLbfmGO/LCtOXsc/N3Pmz/AIKk6idQ/bF8MWA5XT/DMcuPQvJN/gK+cK6f9pf49eH/ANoT9qbWfGGiNc2+mS6ZbWVpDqMXlTBkVdylcnBDbuh5rmKzqbmlPYxvFM/lacIweZGA/Ac1gaK23VrU5/iq74rufMvY4geI1yR7n/62Kz9K41K2/wCui0JWiEn7x3X8VLRRWJqFFFFABRRRQBz/AI61T+yvDN5IDiSVfJT6ng/pmp/B1otl4Y02NBw0Qc+5b5j/ADoXwDqPxd1bxDY6eWFj4X0G81y9kUZAMcRKJ9S2xfoT6Ung2f7R4W0xs9IAn/fPy/0rZq0EZq7ld7G1TX5Rv90/yp1Nfo30P8qzW5Zwfwqkxb3sfrISPwP/ANeu+rzj4ZTiKWVSceZI6j68H+lej1dTcin8IUUUVkaBXE/FFs2OmRf37sfoP/r121cH8SX8zUtCg9ZWc/ht/wDr1pDdGc/hZXDFWBU4KnI+td9aTrc20UoPDqGrgB611vhefzdPMZ6xMV/A8j+tVJaCg9bGxSO4jRmJ4UFj+FLWfrtz9l0yYg4ZxsX8f/rVklc1Pfv+CU2sNZftnXNvgkal4eu0J/3WR/8A2Wv2lr8P/wDgmHMYf24/DiZ/1mjXynHf9yx/9lr9wK9CPwo86fxMKKKKokKKKKAGGqF5qLW2oWtuIWdZc5cHgVoYrC1ieSLWdMVXKozEMB0P1rzsbVlRpKcXbVL73Y2oxUpWa6M3hS0g6UteiYhRRRQAUUUUAFFFFABRRRQAUUUUAFFFFABRRRQAUUUUAFFFFABRRRQAUUUUAFFFFABRRRQAUUUUAFFFFABUM8CXUEkMiho5FKsp6EEYIqaigD+cHV9GuPhp8U/GPhy5DK+j61dWThhglVlZQce+3NdUCGAIIIbkEdxXr3/BTz4UN8L/ANrO716GLy9H8bWiagjAfKLlQEmX6kqrf9tK8B8NasGUWkzYZf8AVse4/u1yVY63R10paWLfiW58jTWQH5pSFH06muU026ij12wti37yRwVXHYVpeJb37Vf+UpykI2/j3rA0ZftHxAsFHIiiZj7fK3+NKK90qTvJHp1FFFYGxjeKLrybARA/NKwH4Dk1xzWsUkwlaJGkAwHKgkCtnxJeC61IorArENgGe/ess9a3WiMJasO3JrNi1uKW4CFHSJ2KRXBUhHYYyAfUZH5j1FdH4J8C6/8AGLxvp/grwnatd6vfOFklwfLtYv45HYfdVRyT+AySBX65L/wT48FeKP2dtL+F99CbW202JpLTW0jAu0vWGXuB7M3VDwVAHYEF0mk93+BUafMnK9kvxfY/JHRdbbT28qXL25Pbqh9R/hWxd6gtr4l8E6nHKPKttctZS+eAN6nP6Gl+N3wQ8Zfsy+OpfCfjmyKKWZtO1mJSba/iB4dH/LKnlTwR0J4DxC8p0aURuQEZZQAeAQeo/Oq5dUQp6H9Inh1Amj2uP4ow31zz/WtLua4b4F+Nbb4jfBnwP4ntJBJFqmj2twSvQOY1Dr+DBh+FdzSSski5PnbfcKcnLAZ68H6U2sD4geJ4/BPgPxH4glcRppem3F4WboDHGzD9QKCHsfhT8VtQsfHv7SHxV8SC2jMbeIbhLY7AAgR2UEAcdFFUmYIhZjhVBJzXO+A3mu9Fl1C5O651C5lupW/vFm5P55p/jLWTpunpbQI017dsIooEyzPk4wAOTk4FRK8pWNIWjG5xuv8AiVYtVUbfMeZ8sM42qTgfjWxpn/IRtcf89BX034z/AGKJ/hl+xJr3irWrTzfiFPcWmq3isNzWNoG2mAY6MBIHc+qhf4a+YfD0wu7uwkXkOVb9Kq6a93poKUJQklLrqd8etFFFYGoVFBOlwGKE4Vip+o606aQRQu56Kpb8hWT4WlMtlKScnzST+IBqktLivqbNUdZ1SPRdMuLyUjZEpIB/ibsPxNXe+MV0/wCz38HZP2lfjhYeHZI2bwjoLLqGuTD7rqp+WHPqzfJ9Nx/hoVt3sNRcmord7H1r+xJ+z1J4c/Zm8T6trNsf+Ei8fWE80iuvzratE4gT1+bcXx/tD0r8+vhvI3/CN/Z5MrLbTyRMp6qQc4/U1+7nh/Q3vpYobZBb2sO1flXCxqBgKo+gwBX4z/GPwKfhJ+0t8U/BvltFbQ6tJfWQYfet5T5iYz1wrqMjuDSptzUmzqxMYU3CmnqkYo6UZxzRTZDtjcjsCf0oOU8+Ui3nLxAIVkLDAxznNd5Z3IvLaOdejqDj0PcVwOckn1JNdB4Vv9rvaO3DfMn17itZK+plF2djpaKM+1FYmoV5544fz/GOmRdfLhLfnn/CvQ6828SkT+P5SOkVsq/jj/69bU9zOpsSVu+E5tt3NFnhl3Ae4P8A9esKtHw/L5erQjP3iV/MU5bER0Z2lcp4ovhPdLbocpF973Y/5/nWzrOrLpsGFIM7D5V9Pc1xrMXYsxJYkkk9zURXUuT6H09/wS409739tzS5wpK2Wh3srEdspsH/AKHX7c1+Rn/BHLww+q/Hb4i+ImhJt9M0aKyWXHAkllBx9cRPX6512rZHDLcKKKKoQUUUUAMxiuR8Q6j5OvW2OVtyufqTk/piupuZ0tIHlc4RBkmvN7u5e7uJZX+85JI9PavjOI8b9XpQpQerafyR6uAo+0lKT2S/M9MDB1BHIIzmn1h+GdSF7YiNj+8iAUj27H8q285r6fC4iOKowrQ2aPOqU3Tm4PoOooorsMwooooAKKKKACiiigAooooAKKKKACiiigAooooAKKKKACiiigAooooAKKKKACiiigAooooAKKKKACiiigD5S/4KPfs2S/tD/s/3j6Nbmbxf4YZtW0pUGXmCr++gHu6DIHdlSvxJ0y+F/bJKAVkU7XXoVYdRX9Mdfjr/AMFKP2Mbz4N+M774s+CtOaXwRrM3mazY20fGmXTH5pAB0idjnPRWJHQrUSXMi4ysz4xJJOckknrTvAMRvPFeqXf3kgjESn3J/wDrGqV7qMVtp73SkMm3Kc/eJ6V0vw30ttP8OieXia7czMT1x0XP8/xrB6RZ0LVo6usjxPr8Xh/THnc7pm+WKIfeZj0wKVdak1XWbfQ/D2n3PiXX7pxFb6dp8bSu7noOAT+X6V+hn7F3/BOK48MazYfEn4zxQX/iaErNpfhgEPbac3VXmxlXkHBCjKqeSWbG2Iw6vY0lLotz85Pif8CfFXwTfwFqPi1WtNT8X6ZJqg06RCslrFvKosmejEBWK9RuAPOat/Bj4M+NP2k/G8fhTwFp5uZAVa+1aUFbWwiJwXkfoO+AMliMKD2/UH9v79k/w/8AG3xl4O8c+OPiHYeA/Anh+ylttUkuDtuJQX3hYC3y7m5XkEjqFbpXz3r3/BS/4Z/s5+Ex4E/Zx+H8Uljb8f21q4aKOeTGDMyA+ZMxwPmdl9AuMCt99Uc17aM+5v2V/wBj7wZ+yz4QFho8P9q+IblQ2p69coPOuXHZRzsjB+6ufcknmvXtX8Z+HvDw/wCJpr+l6b/193sUX/oTCv5/vin+3L8b/i7PKdb8f6nbWjnIsNIk+xW6j0CxbSRj+8Sa8OvNRu9RlMl3czXUhOS80hck/Uml7O+rD2mh/RR8VY/gn8fPCN34U8X694W17TZ8lUOqwCWB8YEkTh9yOOzD6HI4r8vf2if+CcPjv4S/atZ+HLP8U/ADgsBp5WW/s0IJ2vGhPmAD+NAc9Sq18IcV0Phj4h+KfBV5FdeHvEeraHcxHMcun3skDKfYqwrRRtoTza7H6af8Epf2s7bSIz8CfFzzWV+tzJJ4ekuEIJLZeS1YHlWBDMueDlh6Z/T4V+Bfws/4KC/EXwB4xsfEWtWHh/x7qVpwl/r2mRNfqpGDtu0VZASDjcxY1+jvwD/4Ku/Cb4ry2+m+KzN8O9ckwv8AxMmD2Lt/szgfL/wNVHvWcou9yoSSVmfa5Ga+YP8AgpT48HgL9j3xqUP+k6yItGiAbBJmcBsfRVevpmyvYNTs4buzuIrq1nUPFPA4dJFI4ZWU4IPqDivzP/4LM/EdLeX4XeCGDNaNPPrd4ifebbtiiUDvndL+lTFalyeh8NR3dt4R8LWrXR2rDEo2fxO2Og9819mfsD/sd6lrWq2nxa8d6YzXsgEnh7Rpk4t0P3bmRT0OOVB/3jzjF/8AYf8A+Cfd946v9O+KXxk097bTlIn0PwlOpUsM5We5U8hehVDy3BbAwD+ndtaQWkYjt40hReioABWbi7WvvudFOoovmavbbt6nE6t8JtM8XeFtX0TX1F3aapaSWc8Q5VVkUqT7kZyPcV+Dmu/DnVfg78YNf+H+toU1DQb2WIMRgTRdUkHqGUqw9mFf0PYxXwP/AMFQv2WLzxr4etPjF4OsvO8U+GISmq20K5e9sBkl8DlmiyxPcqzf3QKcIpLlRFWpKpLnk7n58UVS0fVoNb06G8tn3RyDp3Vu6n3FXaxasab6ox/F2pjSvD15cEbjtCKM4yScVQ8EXBmt5crsZlWTb6ZFZ/xRnMllp1gM5ubgE/QD/Fv0qKw1yDw7509wT5YiKqi9WP8ACBWyj7uhm5e9r0Om1y9vWls9I0e3kvdf1SQW1lawrud3YhQQPqePev1u/Y1/ZUj+A/wsstImw2sXzC81m/A+aecj7inqVUfKD/vHvXw9+y7qXwx/ZcuYvib8WpZvEXxV1KMDw/4G0aEXV3p0Lj5HlXIWKZwRtViGVWztLNgfVEXxe/a7+P4V/Avw60n4PeG5iDHqni1zLemM4+YRMuQcHp5f40OnpboVCvyNuK129D7bs7KKygWKCMRxoO3T6k1+WH/BWXwno2gfFDwV8S9M1PTpp7yE6Pq9pBco8wCZMUrIDnG0upOP4FFe7p/wT18cfEcpP8X/ANoXxf4kLFTJp2hv9jteM5ABJUjnqEBrauP+CU/wFXwrq2nWuj6k+r3ltJFBrd/qU001vKynbKEBVCVbBwV55HerSitDnblJ3Pykn8eaBB11KNv+uYZv5Cs6++J2iRW0oilmuJCpCqsRGc+5rWuPh5c/C/xrr3gHxXpEFp4n0K5aGXfED56Zysikj5lYFWB7qwNR+K9Jgn8M6kkdtEjiEuCkag5XnsPas7RUrO5spScbqx5+viyw2jmT3+SpbbxbYRTJIkro6ncCVPWtzW/h7feAPD3g/X5VNx4a8WWP2qyvNvyxzoxjnhJ7FXQ/VWU+tU2t4nGDFGfqBWr5TK0ludfpPi/StXMSQ3kZuJBxCSQ2fTnrW0PWuC0FLLT9Sjle0hHOBJtGUPqK7wHOMHOehFc8kk9DeLbWoteY3zeb441lv7oRP0H+FendSQO3UV5dL/yOWvZ/vr/Kqp9SanQkkvY4ryK2O7zZASOOMCrlvM1tNHKmNyHcM9M1ga0fs+r6bc9FyY2/H/8AWa2+gHrWjWiM09R8073UzSSsXduSTUE8ot4XlYjailj+FS5A6CtbwD8N9X+NfxK8M/D7QFL6lrt2kDOq5EEIO6SVv9lFDOfZTRFXdgk7K5+rH/BIX4XyeDf2bb7xXeRGK98X6nJeLu728WY4z/315p+hFfdNc/4C8F6b8OfBWh+F9GhEGlaPZxWVtGOyRqFBPucZPuTXQV1HKFFFFADelZR1+2+0zwZbfEpZvlOOOuK1uSKhW2iEjOI1Dt1bHJ/GuWsqzt7Jpa63V9C4uK+JHE654gfU8RICkAOcHq3ufQe1ZGMV2niPQ0vbdpoUAnQZGB94en19K4oehr8lzvD4mlinLESvfZ9GuyPqMHOnKnamrW3RYsL+XTrlZoT8w4IPRh6Guvi8S+bYyT/ZJspgbcdc9wfSsbwxoov5TcTLugjOAp6Mf8BXZgBRgDgV9PkGExioc/tOWL2Vr/M83HVKTmo8t2t2R204ubeOXaU3AHawwRnsanpMe9KTgV91FNRSk7s8d2FoooqxBRRRQAUUUUAFFFFABRRRQAUUUUAFFFFABRRRQAUUUUAFFFFABRRRQAUUUUAFFFFABRRRQAUUUUAFcd8YPBEHxL+FPi/wpcg+VrOk3VgcDkGSJlBHuCQfwrsaKAP5fp9P1FoIbN4N0tjM8M0DHBV1bGDn06V6z+z74Mj+NXx48F+A/GGrXeiaBrVwbUnSdqsCFYqvzZA3MoUk5xmut/bP+Fz/AAY/a1+IOhrD5Om6ndHWtPwPlMU/7wgf7rM6f8AryjRPEc3gjxn4W8U25Ky6JqltfZBxwkisRn324/GsnvY2Wx+9nwN/Zi+G37OumG08DeGrbTbh1CT6nL++vZx/tzN82P8AZGF9q8Z/bE/4KJeC/wBmi1m0PRTb+L/Hzodmm28oa3siejXLg8H0jX5j32jmvq3TtQtte0m1voHWa0voEmjZTkMkihgR7ENXybpX7BnwJ8L6xeXEPgK21G4a4eUyavcS3ZBLEkBWbGM9OM+9Qkm9Sne2h+Ofxw/aC8d/tCeKH1rxt4gm1iUEmC2UlLW1B/hiiHCgeuMnuTXnHkSeUZdjeWDjftO3Ppmv6G9E+EPgXw2gTS/Bug2CjkeRpsKn89ua/N7/AIKxePY5vH3hT4eaXbwW9pp1r/aV1FaxKu+4mJVAQoByqJwP9utk+hk42V2fANdNpHwy8Ya9Zi80zwprmpWh6T2mnTSof+BKpFfsd+wl/wAE4PCHwq8GaP4v+Iei23iLx9fwpdfZtRjWW20oMAyxrGcq0gBG52BwchcYyfu+GGO3jWOJFjjUYVEAAA9gKog/lp1TR7/RLo22pWNxp9yvJhuomjcD/dYA1Sr+mT4vfAPwF8ePD82keN/DFjrcDqVWeSMLcQnBAaOUYZCM9j+dfhV+2/8Ash6n+yP8T00pZ5NS8KasjXWjalIuGZAcPDJjjzEJXOOCGUjGSAAfOFFFTW9rLdyiKCJ5pG6JGpZj+AoA9w/Z2/bO+KH7M1/GPC+uPc6EXDzeH9SJmspRnnCE5jJ/vIVPrmv1T/Z7/ax+BH7aeu+H7jxB4e0nT/ifpAP2HT9fijlkRjyxtJmGHGRnbwwwDjvX4etazJcCBo2WbcF2Ou0gnsQa7DxP8KPH3wwvEm1vwxrWgTQssiXM1rIiq3DKyyAYz0IINQ4p6lJtH9L7Z70lflL+xJ/wVQutNk0/wR8Z7t72yJW3svFpBaWHPCrdAcuv/TQfMP4t3UfqxFKk8SSRurxuoZXU5DAjII9sVg046M6IyTWg6kdVdWV1DqQQysMgg9QR3FLRSLPyF/bx/Y7u/wBnDxZd/EnwPYNP8NNWm36lptsuf7HnY9VA6RMT8p6KTtPG2vnO0vIb+2juIJBLDINyuvQiv371bSbLXtLu9M1K0hv9Pu4WguLW4QPHLGwwysp4IIPNfj/+2b+xRq/7LGtXfjPwTbXGrfCq8l33FouXm0Z2PRu5iz91u3Ctzgka5vUUZcjs9j47+IeqrH4vsg4JhtYxuxzgtk/yxX3T/wAE2/2IpviXqtn8XviNpZHhm1kEvh3SbpeL6QHIuHU9YlIGM/fYZ+6PmT/gmh+zd4Q/aHX4neJPHXh+LxB4dW8s7TT47oOgEse52ZWUg/dZVIzghyD1r9YLOyt9OtILS0gjtrW3jWKGCFAiRooAVVUcAAAAAcDFaX5UkZ/E2+h518P/ANmz4Z/DHxbrXijw54RsLLxHrF1JeXeqyK01wZJGLPsZyxjUsSdq4HNemE7uvNFFZ7miSWwUUUUDPkT9vf8AYpT9o3w9D4s8IrFYfE7Q4v8ARJuEXUYRk/ZpD03cnYx4BJU8HI/KW0v5pby/0PWrOXSPEFmzW17pt0hSSNx8rDaefw7frX9CtfMf7XX7CXg/9qC2/tqCQeFfiBbR7bXxDax/63A+VLhRjzFHQNnco6EjinZNWZGsXdHx/wDsO+AdC/aL/ZU8Z/CvxRam4h0HV3MFxEP39kZVLRzIT0IZX9iCQeDXyB8Zvgz4q/Zx8aSeGvFkDSWTktputxKfs97EDwyt2I6Mp5U9eME/oN/wTv8A2XfjL+z3+0B45fxrpMFt4ZvNLED6lb3CPDe3CyoYWiAO77vmFshcZAPXFfavxa+BPgr43eE7vw74t0SHUdOuAT/ckifHDow5Vh2YfqKmzjJ21TNueM4JNWa2fkfz9ZDDIIIPINS6j4qudJ8O3UaE+aAFilHVMnH8ulfUf7Tf/BNn4g/AN7vXPAy3HxA8DpmRooY86jYoOSHjH31A/iQH3VetfIN5dQ6zp1zBHlbgKcwyDa4I5wQfpV8t9ehhzdtz9NdH/wCCRvhfxF8IPD2raN4817SvHN7psF9LfXDJNZSTSRK5QxqqsFBbAIcnAyQelfAHxh+C/jf9nf4n3ug/ELTzZX10u+2v4/mtb5AQBJE4ADA9xwQThgDX7VfsK/FKH4t/sqfD7WVmWW8tNPXSb0DgpNbDyiCO2Qqt9GBrsf2gf2fvCP7Sfw7u/CXi6zEsDgvZ30Sj7RYT4ws0THoR3XowyDkU76tMm2iZ/Pj4htDdaZJs/wBZHiRcdeOv6VZ0y9+32MM4IyRhvYjrXZ/HL4OeJv2YviPf+CPGcRJhHm6fqsat5N/bE4WRD+hXqrAqemT5TbasmnahItkrXVpIdxjCkFT3xTs2rBzK9zpNQv49PtmlkPThV7sewFfrT/wS8/Y/ufhL4UuPif4ysTD4z8SwBbK2nXEmnWLYYAg8q8mFY9woUcEsK8I/4JkfsT6Z8XFtfjP46EWoaNZ3jxaJoTJmOSaJgDPNnhlVuFXkEqSeAAf1uHStIx5TOUuYWiiirICiiigAooooAb2rz3XrH7FqkyKMK53qPY9vzzXoXFc7r9ssusaWSB8zkE9+CCK+Zz7CLFYeL6pq3zdjvwVX2VR+af4GrpVkLGwih6FVGfc9/wBaug8mjsBR+Fe/SpqlCNOK0SSOGTcm2+o6iiitxBRRRQAUUUUAFFFFABRRRQAUUUUAFFFFABRRRQAUUUUAFFFFABRRRQAUUUUAFFFFABRRRQAUUUUAFFFFABXnfx7+NWgfs9/CzXPHPiKUix02LMcCEB7mduI4Uz/EzYHsMnoDXoZ4r4J/aPg/4an/AG4vAfwakJn8FeCLf/hJ/EUKnKXE5wYomwfQouD2lek3ZXGlc+Ov2sPhD8YfiL8K7P8Aac+ItwIri/vIYoPDUURUaVpUm7yCe4DMw4PPzhictgfKupxC80qcR4YPHuX37iv6LPiZ8PdK+Knw88QeDdYiDaVrNjJYyqB9wMuFZR2KttYe6iv57PEvgrVvhd428ReBtfiMWsaDeSWcykYDqG4df9lhhh/ssKybvqbJW0P29/YO+IR+Jn7Jnw71aSUzXdvp4024YkZ8y3Yxc/8AAVU/QivUdR8N3019PJDAXiZiykMBnNfD/wDwRr8cG9+FPjzwbLKvm6LrK3cMX8QjnTBP03RH86/RS0k6qfqKS+IG3y3ODPhjU/8An1b/AL6H+NfjP+3BewaV/wAFDJpdbAisLHUtJa538gQqsLMT7bSa/d+vxB/4LCeApPDH7VEOvCHZaeIdGguBJnIaSItC/wBMBU49x61slYycmz9t4LiO7gjnhcSQyKHR1OQwIyCD6EVMea/JL/gn/wD8FLr/AMO6dpnw0+I9pc6vptlCY9N162+e4t4UX5YpkP8ArFUcBgdwGAQ2Aa/RPSv2q/hRrFuJovGunQgjJS7LQOPqrqDUuUYuzYcsmrpHrVfFP/BUnwP4f8e/CXwvZauHF7Fq5ltJIWCyKPJcSYyD8pymR6ha9c8Y/tqfDTw1ZyNp+py+Jr0A7LXSoGck+hYgKB75NfCHx1+M3iD42eLP7X1i3aws7dTFY6eobZbxk5PJA3M3Vm78DgACuOtiIxjaL1OmjQlJ80lofFHjD9nHUdLhkudCuhqkSjJt5F2TY9uzfoa6z9muws7fQdVlEYXVkuvLn3jDogUbRzyBnd+Ir2LIPSvOPir8HfiHYNH4/wDBXhrXmsXiYX+oadYyPCAvR2IUgjGcnGPlrCFWVZezb+Z0ypxov2iOZ/aa0ewGk6ZqW1I9SM5hDKMGSPaSc+u0gc+9fst8LVGo/CTwYt2i3CvotiXSdQ4Y+QmSQ3B71+B9lL4g+LvjXRtKnurjU9S1G6isbdSNxDSOFAVRwOW7V/R1oHwuHh/w5pWlwXu5bG0itVLJ1CIq54/3a76cJU4KLdzjnOM5uS0PG7v9kf4PeO/FFpf6t8OtCnu4280yxWwhLEHOXCFQ3PrmvpBEEaKigKqgBVAwAB2FZWj6A+kTSvK6SOwwpTPA/GtYc1MndlRWgUUUVJYVFdWkN9bS29zDHcW8qskkUyhkdSMFWU8EEdQalooAyvDHhPRPBWkx6V4e0ex0PTI2Zls9Ot1giUk5ZgqgDJPU1qEkds0Z9a4z4q+IfFPh/wAOo3hDQzrmsXEy28aswEcAYH96+SMqPr9aL2Vxwg5yUV17nU6nqtlotm93f3cFjaoMtNcSKir9SSBXkviH9q3wNpVw1ppc934lvRkCHSbdpcn03HA/LNeLfGKbwF8GNMh8U/tE+P5tb1ecGS08N2MhJk/2YoVwzAHgt8qjua+O/H//AAVk1bThLpnwd8A6J4G0pfljvb2Fbm8YdMkDCKceu760kpy20OpvC0dG3N+Wi+/c/Rk/HP4ja7n/AIR74TX3lkjbNqlx5IIPcjA/nSnxZ8fbhwy+DPD1lGRnE14G/wDZ81+KvjD9t346+O2l/tT4n+IFjk6xWN0bNB9Fi2gV5jqfxJ8W61N5uo+Kdav5T1kutQmkb82Ymr9i+7M/rlNfDSXzu/1P3ybx/wDG+zbEnhLwzen+5FqQRj+bV7lplzPc2FtLdRxwXTxqZYUkDqjkDcobuAcjPev5hZ9c1G6/1+oXU3/XSZm/maltfEusWJBt9VvrfHQxXDrj8jVKlbrcxq4lVLWgo+lz+oLYTyAT9KQ8HFfzS6H8dfiN4blD6V498SWLDp5OqzqB+G7FemeHP+CgX7QnheSM23xP1m5jj6RX5S6U+x8xSf1qvZsw9p5H9B2cHI/Svm39of8AYB+Ev7RMk+pX+jt4a8USAka/oQWCZ2/vSoBsl+rDd/tCvzr8Gf8ABYn40aFMo17TvDvie3AAKyWjWsh990bAf+O19B+Af+C1PhHUBBF4z+H+raPKeJLjR7pLqMe4R9h/U1PLJPQOaL3Nb9irSNV/Yw/aZ8T/ALPXibVBqWjeJrddd8NamUMaXMqqRIgUkhXZUYMoJ5gGD8wz+htfHv7b/wAPJ/jb8DPCvxk+HDv/AMJh4OWHxToVyiESz2hVZZIio5ztCvt9UK/xV71+zt8bdK/aH+D3h3x1pRVF1GAC6tg2Ta3S/LNEf91gceoKnvUvXUqLtocj+2D+yvon7Vnwtn0K68ux8S2Ia50PVyvzW0+PusRyYnwFZfow5UV+FOv+FfEOg+KLvwHqGlSWPjKK/XSZNPKbXM5YKAMddxIwRwQwI4Nf0mdK+Ff+Ch3wJuNC13wx+0b4J0m3vfGHgu6hutUsZIw6ahaRsGV2GOWjAIJ67ST1VacZJaSBxb2Prz4CfCux+Cfwc8I+CbCNY4tH0+KCRl/5aTY3TSc92kZ2/wCBV6DXyx8Q/wBv7wT4V/Zp8P8AxV0WCXxDeeJitpovh6Bv9Imvzw9u+ASvltkMQDnjaDuXPltj8Mf20/jFZxeINc+LGjfCdrgebB4b0zTlma3U8qkrbSdw7guxH6DdtLc50m9j75or88tb+Pf7XX7NF/B4X8VeCdN+NL6w32bQPEGixvF+/wAjC3KxoABt+bDKnQneQDjXsdP/AG/fELHU5dc+HfhgSLvXRpIlk2HP3GZUkP4iRqV0OzPvakIzXwto37dnxE+A/iSx8PftNfDseGbK7kENt438OBrjTJD6uoLlfU4bcBk7AK+2NB17TvE+jWeraRfQanpd5EJra8tZFkjmQjIZWHBBpk7GlRRRTAb7Vi6y1smo6c05cPvITb07dfxxW0fU1VuLGC6lieaNXeM7kJ7GuLF0pVqXJC17p6+TuaU5KMryLY6UtFFdpmFFFFABRRRQAUUUUAFFFFABRRRQAUUUUAFFFFABRRRQAUUUUAFFFFABRRRQAUUUUAFFFFABRRRQAUUUUAFFFFABXwh/wT6K/EP4u/tEfFOYmWbVfEx0q1kZeRBDkqFPpgoP+AivuLWbtrHSL65XloYJJAB6hSf6V8X/APBKCIP+yxcX7AeffeJNRmkbuTuQc/lUT2Lh8R9lV+av/BWj9miSaDT/AI3eHLUvc2CpY+IYoxy8GdsNwQOuCdhPoUPav0qrgvihFaeItOuPD+oW0d5pl3C0V5bSrlJkZSpVh6YJ/SuWU1TXMzup0XWkoI/K7/gkz46Xw/8AtRaroYkP2TxPokhUZ4aSIh1/Hbvr9jgcEEHkV+Jdv8J7/wDYm/bt+HF1I8j+DLrW4v7N1KUkL9lmfypI3bpuiEp3A9QAe9ftoww2PStG00pR2Zi4uEnCSs0XopBIvv3FfHn/AAU9/Zmufj/8Bjq2h2huvFfhJn1C0iRcvcW5UefCvckqqsB3KY719bLIYzkHFWIryN+C6hvTIrVTT0ZjKDWqP5ivhx4nXwb4z07UpQ3kRuUmAHOxgVb8gc/hX3d8P/DUXjFlvPNEmlqoYSxnIlyMgKfTHU12n/BQn/gmhf3Gs6j8Svg/pX26O7cz6t4Xs1HmLIxy01sg+8CeWjHIJyoIyB8f/DPxN8afgMWsW8E69NpDNufTtR0m4CA9yrbMqfpx7VxYuhKtG9N6nXha0acrVFofdljptrpkIitLeOBAMAIuD+J6muv+GXhay8aeP9F0fUolmsrmbEsb/wAaqpYr+OMV8mWf7Y8MMP8AxOvAHiPTJQPm8uLeuf8AgQQimW//AAUM0jwfq9nqmjeGNUk1GzlWWJb10iUsD0bBYkHoeO9fOU8HiFUi5QbV1fb/ADPeniqDptRklpofqR8Rv2Rfhz4+0N7O20O28O36KRBf6VEsToccblGA49QefcV4V4g/4KPeBv2anv8A4ceP9G1RfGHhe3jtDFo1sr2l6FQeW0bM67Ny7WIYYXcRk4rzGT/gtt4VHhTzY/hxq/8AwkhiwLVr2L7IJMdfMxu25/2c4/Ovk34T/s8fFP8A4KPfG/WPHOqxHRtC1G987VPEDwsttBGMKILYH/WMqqFCgkDGWI7/AF8YRTulY+Uc5NWep6r/AMEyfgW/xz/aW8QfGe80ZdM8J6JqE97Y2qr+6+3TMzRxJxgiJW3HA4OzpX7FyyiJevzHoK4r4UfC/wANfA/4f6R4M8JWK2Oj6ZEI0Xq0jHl5Hb+J2bLMfU9hgV1DMXOTyacpJaIcYN6sCckk9TSUUVgdIUUUUAFFFFABXmv7SPxG1/4TfBTxV4p8LeHrjxR4gsLXNnp1tGZGaRmCB2VeWVN25lHJCkCvSqOQcjiglq6P59fEf7Pf7Snx68VXfirW/AHjLX9X1I+bJf31hJGGB+6FLhVVQOAq4AHAAq9pX/BN39ovVSQvw2vLX0+13VvHn85K/f3J7k0la85n7Ndz8LNN/wCCUX7RGoruk8N6XYe11q8AP/jrNXRaZ/wR7+O14M3M/hewPpLqbOf/AB1DX7Y0Uudj9mj8dtM/4Iu/FC5iDXvjXwtYv/cUzy/qErptP/4IleInUG++KmlRN3W30mVx+bOv8q/WOilzyH7NH5k6f/wRK0UKhv8A4qXzN/EttpKAH6FpP6V01n/wRX+GsWw3PjzxTcYPzKkVsgb2+4SPzr9EKAM9KXM+4ciPhS0/4I5/BGAqZ9V8V3JH3gb2JA35R5FdBaf8ElP2e7aSJ30zX7nYwJWXV2Cvjsdqjg+2K+jfEnx++GPg6/ex134heGdKvUO17a61aFJEPoy7sg/UVo+F/i34F8byrH4e8ZaBrkjciPT9Thmc/wDAVcn9KfNIVomv4W8LaV4M8M6b4e0SxjsNF022S0tbOPJSOJV2qvOSRgdySa+GfC0q/sBftd3Phm6f7H8FPincG50uZ+INJ1PIDREnhVJYL2G1oz/A1ffpBA5BGelfkV/wWA+JMvi74zeGvAFtfFdP8O6a2oXcaN8q3M33Wb/aVFT8HPrRHV2CWiuj9c8H8RWB43ijm0KRJVWRHYIUcAq4OQVIPUEZ4r4m/wCCdf7a918Xvh9H4N8R3iXfjPw7AED3DESX9ovyrKG6sycK3f7rdzj6v1nxBcayUWRVjiQ7hGnPPqSetctWainF7np4bDznKM1ax+fXw/8A2Tbv4eft/wDhC1sS9z8Nra8m8Rabp8s2YrKZ4juVYyequkeGA+6iZPy1+p3avljxvdL4S+Mfw58USfLbfaW024Y8ACThSfpuY/8AAa+p84+lOlUlUjr0NMdhoUJRcFo1f53HA7VIyRn0NJXCfG/xrffD34X63r+mRxS31osflCdSUBaRVyQMZwG6V1PhvUX1nw9pV/JtElzaxTNs+7uZQxx7ZNa3V7HA6bUFU6N2+ehX8aeD9E+IHhfUfD/iLTLbWdGv4mhuLO7jDxupHoehHUEcg4IIr89vDHiPxH/wTW+I9vZ3Fxe69+zp4hvfK/fFpZvDly56g9dvcjo4BON6/N+kLcCvEfiJ4M0f4h6Fr3hvX7JNQ0bUlkt7iB+6knDKf4WU4ZWHIIBqJVHTafQ3w+HWIjKL36HuulapZ65plpqNhcx3ljdxLPBcwMGjljYBlZSOCCCCD71d618A/sOfEfWPgD8VtW/Zk8c373dtCH1DwTqtw3/H1aEszW4J7gBmC9isi9Aor79Fdyakro8qUXCTjLdDqKKKZIUUUUAFFFFABRRRQAUUUUAFFFFABRRRQAUUUUAFFFFABRRRQAUUUUAFFFFABRRRQAUUUUAFFFFABRRRQAUUUUAFFFFAFa/hN1Y3MIAJkjZMHvkEV8R/8Ep7k2fwK8W+G5QFuNB8W31q6Z5XO08jtyG/KvuWvg39ldl+D/7dPx/+GEwW3tddePxTpUZJ+dW+aTH/AH+/8cNRNXRUHZn2/XnHivJ165yfTH02ivRu9cT44sjFfR3Sr8kg2sfQjp+lefXTcT2sDJRra9UfGv8AwUg8P/2l+zbNrUUMcl54e1W01GF3GSo37Dj6hxn6V9keGfH/APwlXg7QtXtWVxqFhBdGbqCXjVjgfUmvnn9sTT4tT/Ze+JcUoBEejyzrkZwyYcH81rp/2RdRfV/2YPhjcyH520O3Q/8AAV2/+y1lGTVOy7ndVpRniLyXQ9ilvJ7g5eV2+p4/Ko8nOc1p2NtDbabPeToG3DZErDr7/wCfSq+k2A1C8ETEqgUliOwFHLLTuyo1IJSaVlEjt9SubVgY5WGOxORW5p/iFboiOc+W56Nnhv8ACucfakrKCSu4gE9xmp2sZFsluuPLZ9oHfNEZSWxNWlSmldWb2Z17W8Uq4aONwezKDmsjUfBPhzWFK3/h/Sr5T1FzZRSA/wDfSmnaBqBmUwSHLKMgnuPT8K2a64u6ujxKlNwk4s89vv2dvhbqeRdfDnwvNk5OdJhH8lFdvpOkWXh/TLfTdMs4NO0+3QRw2lpGscUajsqqAAKt0VdzPlQgOaOa8o+Kn7T3w8+EF5JYa5rJk1dFDHTLGJp5wDyNwHC5H94g4wa+efFf/BSeIF4/DfgyR1wQs+q3QTnsdkYPH/Aq554ilB2ctT2cLlGOxaUqVJ2fV6L8T7epM4618neEfF37RHxk0y31Xw7rHgXStMlAbzLVzdMmR91hzhh6HkVvN8Df2gdYlVtR+M9vYL/EunacB+WQKcajkrxi2vkKeXxoyca1aMWt1du33I+k8j1FGR6186f8MsfEq65u/jz4gJPXybZVH/oVB/ZM8dpynx38T7uvMQx/6HTvU/kf3oz+r4Rb4lfdL/I+i8+nNH4V83yfs0/GCxdX0347ak+P4b6zDqfw3U1vAf7Tvh+QNZeO/DfiGJR/qr+yMRb8l/rRzzW8H/XzH9UoS+DERfrzL80fSXTtQMn2r5oPxd/aB8EBT4n+FFp4htlzvn8P3mXIHfZlv5Vp+Gv23fAl9ejT/E1rq/gbUgQGh1uzZEDEdN4Bx+IFL20E7PT1VgeWYmzlTSmv7rUvwWv4H0LQRms7Q/EGmeJdPjvtK1C11OykGUuLSZZUb/gSkitGtk77HmNOLs9GFFFFAB1pCcCmTzLbxu7kBVGSa5i+1qa6YqjGOPoFU4J+prOU1E3pUZVn7ux0U+o29vkPKoPpnJr5C/4KV/FTW/CvwP0PTPD2tT+HLbxJ4gttH1bW7fKvaWbq5chhgjdt5IIO1WHevooc81xXxk+E2ifHH4a634M8QITYalFtWZADJbyqd0cq5/iVgD78joayjWakrrQ7ZYFcrs9TkPBH/BNr9nvwpodvayeCYvE85RS+p6vdyzS3BIGX+V1UbuuFAHNUfFv/AATA/Z78UKXtfCl34augPkudF1KaJkPZgrMy5+qmvPv2Xf2l9a+AXiez/Z/+O9wLDUbQC38LeL52ItNUtQdsUbSNwCBhVZj6K2GALfeGcV2Xe6Z5HKlo1qj4bP7Hfx++B4Nx8F/jveazYRZKeG/HC/aImHGFEhDAceip9RX54ftH+BPimvx01LxB8eNBvvB9v4j1CM6jrVnZtcWccC7VCwMrOpAVVAXcTwMjqK/fKqmq6XY65p09hqVnBqNhOpSa1uolljkB6hlYEEfUUlJ9Q5bO6Pyt8YfC3QfEfhLwz8Qv2e9X0+HxP4KgVbI6fKpF3boCWhnBwd5yx+fG7cynqCPq/wDZt+OVt+0N8KbDxbFp8mk3TSvaXtm53LHcR4D7W7qcgrnnBweleefGr/gm38ONX8WXV94P1HVfhu94m29ttAlxbTxtwyeWxwoPPAO3n7teyfD34e+F/gZ8PbXw/wCH7ZdL0DS4mkZnbLucbnlkb+Jmxkn8B2FefVcbWvdpn0eGU5SU1FJNfe+mhm/HrTINS+GepNJPHbT2rJc20kjBf3inIUE9yM4FX/DX7THiXxhoOmweFPAN/r2qJbxrd3s7eTarKFAbDdxkZ5IrL+Fvw+f9oDWZPGfiuORvCdvK0ej6OxKxzYODK4HUZ/M5HQc/TllZW+nWkdtawxW1vGoVIoVCqoHYKOBV0YSte9rlY3EUYWoyjzOPnou68z5f+LHir4tX3w712z8UeA7MaNdW5V59Oud72uCGV2UM2QpAJ4A9xXr37OniiLxX8HfDdwsgeW2thZTAHlXj+Tn6gA/jXo08cU0LxzqHhdSHV+hUjBB9sZr4l+B3xB8T/DFtfudF8Nz+JPCNxqMqCG3fEkUikgMuAeCpUHjBwOlaSfs5JyejMacfr2HlCnFJxaats76W1Z9k+J/ENp4T0HUNXvpVhtLOJpXZj6DgfUnAA96+a/gSdQ1XRdZ8R6hJLnW9QkuoYpWJ2RjIGM9B1H0UVD4hl8b/ALQF7bxeILFvCXg2GRZW04OTcXRHTceD+YAHoTzXplpZwWFrDa20SwW8KCOONBhVUDAArmq1FN6bHdhcP9VptSfvPe2tkv1Pm/8Abo+G2oaz8O7D4j+FWa08dfD25XWtPu4R87QowaaPjkqAofb/ALDD+I5+xfgN8WLD45/CDwr4607asGs2KTvEpz5Mo+WWM+6urL+FcXcWcGo201pcoJba4RoZUYZDIw2sCPcE14V/wS2vrnwto3xc+FN0+5fBfimZLRGJLJBMWwPpuiZvq5rswk7xcX0PCzOkoyVRddGfdVFJS13nihRRRQAUUUUAFFFFABRRRQAUUUUAFFFFABRRRQAUUUUAFFFFABRRRQAUUUUAFFFFABRRRQAUUUUAZOoT3Ud/ZJCF8l2Ik3HnHtWp1rB8Q8arpJB/5aEfyrezXl4ao5Vq0ddGt/NLY3qRShB9/wDMdRRRXqGAUUUUAFfDH/BQLw7qfwf+IXw3/aW8OWj3E3hK5XTfEMEI+afTZWIy2OoUu657GRT24+56x/FPhnTPGfhzU9B1qzj1DStSt3tbq1mXKyxuCrKfwPXqOtG4bGb4T8U6X448M6V4h0S7S+0jU7aO7tbmM5WSJxuU/XnkdiDV3UbCPU7R4JRlW6EdQexFfA3wx8bap/wTm+KT/Cj4hXFxd/BbX7ppvCXiyYF0012bLW07D7qgnn0PzD5Wbb9/W11DeW0Vxbyx3FvKoeOaJg6OpGQysOCCDwRXLKPR7HTCb0a3R8lftzs/g79mH4kNd8JNpjWscn8LtIyouPf5uldb+yxo50D9m74aWLDa0eg2jMMdC0Yc/wDoVcB/wVf1d7f9lddIiBaXXdfsLBQOpwzSYH12CvoLQNITQPD+l6bGnlJZWsVuqYxtCoqgfpXLOChFJdWe3h6zrVG5bpJGvc30t1DBExAjhGAFH61oaNi30+/ujwQmxfqf/wBYrGzgZqUXEiwGEMRGxyV7E+tZKVpXZ1VKSlHkjor/AK6kR6VsTMD4ahGcnzj/AFrIpSx2hSTtzkDPGfWlGVr+ZVSnzuPk7l3RWI1OLHfOfpiutrC8P6cy5uZAVyMID6etbg6V1Uk1HU8fFTUqmnTQOprzP9or4tJ8GvhXq+vLtbUdotrCJxkPcPkLkdwOWP8Au16bmvgP/go/42e88W+GPCcT/uLO2bUJk7F3Yoh/AK3/AH1WeIqOlSclud2TYNY/HQoy23fov6sfIGpajdavqNzfX1xJdXt1IZZ7iU7mkcnLFj6k1Xoor5bc/e4xUVyxNzwj431/wDqi6l4b1i80W9GMy2kpXePRl6MPZga+mfAH/BRnxpoCR2/ifSLLxNCoAM8J+yzkepwCpP4Cvkqit6depS+CVjzcXlmDxy/2imm+/X71qfpd4X/4KI/DTWFUapBq2hSk4ImtvNQe+5CePwr0jS/2tvhFq4/0fxzpqnri4LRH/wAeAr8iaCAeoFd8cyqr4kmfL1eDsBN3hKUfmmvxR+x5/aJ+GQXd/wAJ3oO3/r+j/wAawNZ/a++EWhKTP41sZm7Lah5yf++FNfkd5a+g/KlwB0FW8zqdIr8TnjwXhU/eqya+X+R+hPj/AP4KR+G9Ogkh8IaDe61dYIW4v8W8IOeuMlmH5V8a/Fz45eLfjbqyXniW/WSGAsbayt4xHBb567V6k4GNzEmuAorhrYqrWVpPTsfT4DI8Dlr5qMPe7vV/8D5HQ+CPiJ4l+HGprqHhnWrzR7oEFvs8hEb+zoflYexBr9Hf2Rv2lLj48aDqVlrkdvb+J9KKmVbcFUuIW4WRVJODkEMBxnGMZxX5g16x+y38Q3+Gnxx8Nag0pjsryYaddjPDRTELk/7r7G/4DVYWvKnNK+jOTPcqpY3DSnGC9pFXT66a2+Z+tdFA6decUV9KfiJieJpykUUQP3zlvoKy9N0/7e02X2CJC5bGa0PE8f7y3fHABGf1qjY36WtneR4JkmXapA4xzn+dcjs5+9sevS5lQXJu/wDMrWkS3FzFGxKh2AyOoyaku7f7BfyR48xY3GA3cdeahhk8uaNx/Cwb8jV/xEySam8iMGVlBypz2qFblv1udLcvaqPRpnC/Hv8AZ+8F/tEeBJdK8R6Ut7Ytlo5Y8JcWEuMeZE+MqemR90jqCK+UdA+Kvxi/YDni0fx7Be/Ff4Jo4jtPEtmpfUdIi6KswJ5VR/Cxxx8rj7tfcGnajJp8jOmHRhhkboapXEMd1FLFNFHLDICrxOoZGB6qQeCMdjWyq21XzX+RyywvPeMumz/zH/C744+BPjP4Yj17wb4lsNc05gCxil2ywkj7ssZwyN7MBXQ33ivT7SIkS+fJ2SPnJ9z0Ffll+2F8Ek+DH7RXwyu/g1dv8ONZ8YSTwXEmnyOlsJ1ZNpMQyoQ7zuUAr3213Gkftl/Ef4KyJpvx0+H889gh2Dxd4ZUSW7j+86D5QfXBU/7FXJtpcnX7zlp0YKTVW+j6bH21qV/JqV5JcSYDOeAOijoBXlXxsu7rWo9B8EaYxGoeI7tYXK9UgVgXY+3r7KaPhz+0z8LviyIE8M+NtKu7uZdy2M0wt7keoMUm1s/QfTNeteEfBmkah41g8Q3VsX1fT7cxW8pY4RWJDfL0JwTz7muJQbmlLqe+q8KVP2kNUlpbud94d0G08MaHYaTYRiKzsoVgiUD+EDGfqep9ya0qKQnFelsfKNtu73PGP2nfi/D8OfBsmmWkyrr+sxtBbrnHkxnh5W9AASB7n2NYXwy8O2nhbwLpNhYzx3cQhErXMTBlldvmZge4ycfQCvZ9f8C+HvFFx9o1bRrLUZxA1sJbiEMyxt95QT0H05Havl/Q45fgt8Sv+EVaZ5vCesyu2mSStn7PLn/V59DwPfKn1rirp3TZ9Ll0oTpOnBNSWr8/T0PYaKMYorkOsBkkAd6+eP2CoXvP2tv2pdSgO6w/tW1t9y/dMqtNu/Hg17Z428Zad8O/B2teJ9WlEGnaRaSXkznnhFyAB3JOFA7kgV5v/wAEsPBN9YfAnXPH2sQvBq3j7XbnWmD5yYAxSPr2LCVge4YV6GEi7uR4eaTXLGHW9z7SFLRRXpnzwUUUUAFFFFABRRRQAUUUUAFFFFABRRRQAUUUUAFFFFABRRRQAUUUUAFFFFABRRRQAUUUUANOAKM89KM5+lVNRvk0+0ed+ij8z2FZVJxpQc5OyW44pyait2ct4nv2GtRlT/x74x9ep/pXXW8y3EMci8qygj8a81mla4meVzl3JLH3NdZ4S1QSw/ZJG+ePlM919Pwr4HJs0VTH1YzdlN3Xy2/A9vF4bloQa6bnTUUUV+hnhhRRRQAUUUUAcd8UvhX4W+NHgzUPCnjDSINZ0S+Xa8EwwUYfddGHKOp5DAgj86+KovhV+0R+w1LIvw0L/Gn4SoxZPDF/IRqenpnO2FhywHP3AQf7g61+g1ITSaT0Y02tj8jP20f24vBfx8+G3hHRI9K1zwl4y0XxTaajeaBrtmY2VE3qxEg4OCw4IU4zxxX6nC0tdcsLa6GMSxJIskZ7MoI+vWvKv2zP2fdN+P8A8BvF+kDRrO98Tpp8kukXkkCtPHcR/OiI+MruKlcZx83NYX7B3xlj+Nf7M/hS/klzrWjwjRdVgbh4riABfmXqNybGGf73saynBWsbUqkou6dmewz+HJ1OUdHHYHINQf2Deg48tf8AvsV1QzS1yeyiemsXVStozmI/Dt0x+dkQfXJrTs9At4GDSEyuORuHyj8K1Ac0GmqcVqZzxNWejdvQQDAwKWiitTmEJxX5Uftma22t/tH+Lm3FktHhs0BOdoSFcj/vovX6rtytfkd+1AjJ+0J49Dj5jqbn8CqkfpXm5h/DS8z7rhCKeNm30i/zR5dRRRXz5+uBRRRQAUUUUAFFFFABRRRQAUoleFhIhKuhDKynBBHIIpKa33T9KES1dM/ab4f68fFPgbw/rBIzf6fb3LY9XjVj+pIreAxmvOP2cWkPwH8CGX7/APZMHX028fpivR+or6+DvBN9j+csRBQrTguja+5lfULJb63aMnBPIb0PrXI3NvJayGOVdrD8j7iu3HFRT2sV0m2VAw9x0qZw5tVuaUMQ6Oj1RxNGRXRy+GoSco7p7daiXwwAebg49lFYOlLseksXSauYHINSQQSXUgSNS7H0HSuih8OW6HLM0nsTgfpWlDBHbR7Y0CL6KKpUm9zGpjYpe4rs+BP+CjmmQ6F4+/Zv1J8m5XxRJEzD+6WgJFepXEayLJFIiyRtlWR1DKw9CDwRXln/AAUu1mzuvi/+z3oFxPDb+XrEuqSyzyLGkcaGMEszEAD5TyfSsb4g/tj/AAy8EyNbWutf8JZrLkrDpfh9TcySOeg3j5QfxJ9jSrQb5VBdCsFWjGM51ZJXZF8Yf2Vfhb4v8Navf3Ggad4c1KKCW4TWLEiz8mQKSryFcKyhgCdw9eRXbf8ABNL4wnxf8ANJju7t73UvD11LpN40khdzHnfE2SSSNjgA/wCwR2rhfBn7M3xe/bQ1Gz1L4oQ3Hwv+E6SLNH4ZgcrqGpKOV83PKqeOWAxn5Vz8wm8R+EdN/YK/bBs1sLRNG+DvxKto7SHaW+z6bqEQCqGJPAJOck9JmP8AAa2VKoqd5PVanNLE0Z11GKsmmm+9z9F7a5juoVkicPGwyGU5BqWvKrW/ubBiYJ3hJ67W4P4dKtyeJtTlQq12wBGMqoU/mBWSrq2qNHl80/dasdj4h1+PSrdo0cNdMMKg7e59K+Z/2iraSfwto8tvFJJfx6tAYGjUllYk56ev88V6qzl2LMSzHkknJNNIDcYB5yM1zTm5u7PWwlNYWzWr6h82Pm698etLQBnpXmHxg/aW+HHwKtnbxb4ltrW+Clk0u2Pn3knpiJeVzkcttHvURi5OyRpOcYrmk7IP2nfCLeOv2efiHoqKXmn0aeSFR1MkS+agH1ZAPxqf9kX9ozwP4S/Yf+GniTxj4n0zw5Y2mmf2c8l9MsZeS3doSqIPmdvkB2qCeelfNep/tHfG/wDaIiktPhb4MTwB4UuQY28S+J1DTyRtwTHGQV5B/hV/94daofCj9gfwN4IitbjxRPP431GDJSO7zHZREnLBIQeQSSfmJHtXuYTDVVF8ysmfn+c53gac1aV2tLI+3fgB+218K/2lPEuqeHvBWsXMur6fF9oNtf2rW7TwhgDJEG+8ASuehG4HGK98xmvyt+O/kfs//Gf4O/GHRLWLTbLSdTTRNXis41iQ2UuRgquBgI0oHvt9BX6nQzRzxpJE4kjdQyspyCD0INdNSDhKzObB4qOMoqtFWv07E1FFFZncFFFFABRRRQAUUUUAFFFFABRRRQAUUUUAFFFFABRRRQAUUUUAFFFFABRRRQAUUUUAYh1W5+3zW62TmNAcPnhjjI/OuZ12+vLudVuozAoGVjwcD39677GD1rO1rSl1O0aPAEqjKN3Br5jM8vxGKw8oxqtvV22TXY78NXhTqJuK7X/U8/HSnQO8MqPExWQHgr1zTShjYqwwwOCPQiuk8JaUsjG8lXIHEYI79zX5pl+Dq4vEqjT0fV9rH0VerGlTcpar8zQt7rWWspGa2j80AbMnGfXIz1/Kte0aWS2jadQkxUFlU5ANT/zor9kw+GlQtzVHLS2p8lOanskvQdRSUtdxmFFFIWwM0AJ196KzLLXrS+umgiYmQZxkcHHXFaec1z0q1OsualJNbaFSjKDtJWFAxX56fEaO7/4J8ftRXXxCtraZ/gf8SLlY9eht1LLo+okkicKOisWZh6hnXqqg/oZXOePfAmhfE3wjqnhjxLp0WraJqULQXNrOuVZT3B6gg4II5BAI6Vva6sxJ2dybS9Ustb0y11HTrqK+sLqJZre5gcOksbDKsrDggg5zVrOK/PjStd8c/wDBMrxOmh+Jl1Dxr+znqF1t07Wo0Mt14eZ24jkA/hyenAbquGyp+7vB/jLQviD4cstf8Nataa5ot6okt76ylDxuv1HQjupwQeCBXO4tHRGSZs0UUVJoFFFFACYyD71+X37dPhZ/Dn7QmrXOzZBq1tBfRkdGJURt+O5D+Yr9QulfK37fnwim8afDy08V6bAZtR8OlmnVBlntHxvPvtIVvpurjxdN1KTt01Pp+HMXHCY+PM7KSa+/b8T85aKByM1teH/Cl74hbdEBDbA4M7j5fovqa+ZP3CKcnZGL9TV2y0W/1Dm3tJZR6hTj8+leoaR4K0zSApEIuZx1lmG7n2HQVugbQAOAOwqHLsdMaD+0zymH4fazKAWijiB/vyD+lWf+FaarjPmW303H/CvTqKV2aexieUT/AA+1mEEiKOUD+5IP61jXuk3unHFzayw+7Kcfn0r3CmuiyKVcK6nqGGRRdidBPZng1Feo654AsdSVpbQLZXPX5fuMfcdvwrznU9LudIumt7qIxyDp6MPUHuKtO5zzpyjuVKURvKQiAs7EKqjqSeABSV7D+yd8MpPij8bdCtWiL6Zpki6netjKhI2DIp/3n2j8/Q1rTi5yUV1ODFV44WhOtPZJs/UH4eeHz4V8B+HdHYDdYadb2zf7yxqp/UGuh60Z5/WjvX1sVZWR/Okpc8nJ7vUKKKKYgooooAKXHNJXx1+2V+0ZrOsa1B+z98Hn/tP4o+JlNtf3ds/7vQ7Nh+9kkcfdcqT7qpz94qC0m3ZEylZXPMtB+Gfhv/goV+2J8Q/EHiS1m1n4V+B7VPD+neVO8cd3eB9zsrIQSMhydpwQU7MK+1Phf+zH8Kvgw4m8GeA9G0O66fbIrcSXP/f59z/+PYo/Zw+A+h/s3fCHQ/A2h/vI7NPMu7wjD3d02DLM3ux4A7KFHavUa6UrKxyt3ExXnHx++BXhj9o34Zap4J8VW5eyuwHhuosedZzrnZNGT0ZST7EFgeCa9IopiPzMtfiB8ZP2IRH4Y+LHhfUfiF8PLTEWm+OtBQzSxQDhVuFPQqvZyCMYDOOa9T8Ffts/BTx75KWHjywsrmUjFtqwazcE9v3gCk/RjX21JGsqMjKrIwIKsMgg9eK+A/8Agope/s1eE/COseGvEPhbTLj4naxZEaXH4b0uI6pBK2fJmdwF2pvAyGOWGQFNcs8NCbvselSzCrSjZ6pdz6RTEoUod4YAqV5BHqMda8N+NP7Znwz+CUsmnXurN4g8SqdqaDoYFxcF+yuR8sZ9mOfY18i+FND/AGgvjD4A8N+HPFviu48B+EdNs47XyLEtHqV/GoAUzYbP3QB85A45UnmvWvhr8B/BXwoQPoeko+on/Wape/vrpyep3n7ueuFAFOll7k7zdkcGO4po0Fy0VeX4L5mXceNv2iv2nVlFi0HwU8ESkqXQtJqk6H34YEg9vLHuetdj8Lv2R/h78MrkakdPk8T+I2bzJNa15hcTNJ1LKrfKpz3wW967/wAK3fl3UkBPEi7l/wB4f/Wrqa9yjh6VJe6j8vzLOsbjZNVJtR7LRAc8D0GAPQUUUV1Hzm55V+1J4G/4WF8AvGWkrF5twlkb23UDJ82EiQY9ztK/8CNfUH7FHxMPxb/Za+HXiKSUTXh0tLK7bPPnwEwOT6EtHu+jCvMpYUuIpIpUDxSKyOp/iUggj8ia8i/YB+Jbfs5fE/X/ANnXxiVtYNRvZNW8Jamx2w3ayAboBnoxCAqM/eDr1K54MVHaSPuuHMQrToSeu6/U/R2iiiuE+2CiiigAooooAKKKKACiiigAooooAKKKKACiiigAooooAKKKKACiiigAooooAKKKKACiiigDhPFFkYdXJReJ/mA9+h/X+ddfYWws7KGEfwLj6nvWV4ijVtR0oNzmXBB79K3l6CvmcuwcKGNxFSPVr8dWd9erKdGnF9v+APooor6Y4AooooAKaRkEHoeKdSHoaT2A57SNCgsdTnlWXzChIVMfcyM8/hXQHmuU8LXBk1e/DEkvlifocf1rqxXh5Q6UsNejHlTb0+Z14pSjUtN3dl+Q6iiivdOQztc0PT/EukXmlatY2+paZeRNDc2d3EskUyEYKsrAgg+hr4Z8Yfsb/Ej9mLxJfeNv2YNbYaXPIbjUfhvq0pezuO5EBY4BxkAEhhxhyMLX3vRSeoXsfIfwP/4KDeCPiJrI8I+O7S4+FXxEhcQz6H4iBhjkk6YilYAHJ6B9pPbPWvqdWDorKQykAgg5BB6EHvXBfG79mr4c/tEaL/Z/jrwzaasyqVhv1Xy7u3945lwy/TJHqDXy2f2Yf2i/2XWaX4I/EJfH/hGI7l8G+MWDPGnXZFKSB04GCnQcGs3Dsaqdtz7iBzS18YeGf+ClWi+GdUh0D44eBfEPwg18kIZry1e4sXOOSrqu7b7hWHvX1Z4G+JHhT4m6THqfhPxHpniOwcZE2m3STAfUKcqfYgGsmmtzVSTOjqO5gjuYJIZUWWKRSjxuuVYEYII7gg4qTvg0Utyz80P2ov2XJPg54p/4SDTbae78A3k29vJBZrAseYm/2c9G9OOo553TprWeyiayMbW20BPL+6B6Y7V+pF/YW2p2U9nd28d1aToY5YZkDo6nggqeCDXyF8V/2FZbe8uNa+FuoppckhLyaFesTbsfSN+dv+62R6EV4eJwUr81Pbt/kfquRcU04xWHxzs1opf5/wCZ8+0VV8Taf4u+HVw1v4x8JalpTKcG5jiMkDdsq65Uj6Gs628Z6Nd/cv41PTbJlTn8a8eUJRdmrH6dSxNGvFSpTUk+qZt0VXi1C1nx5dzE+em1wan3r/eX8xWZ0C0Um5R1dR+IqtPqtla/627gjx/ekGf50BtuWqzde0G31+xa3mAVxzHKByjf4e1UrjxzpETiOKdryc/ditkLsx+ld74H+B3xS+LMkY0vQW8L6Q5G7VdZBiO31VCNxP0GPetYU6lR2irnBisbhcLBzr1El6nz1a+GNU1DxDFoVlYy3mrTSiCK1t1LNIxPG0eh659Oa/Uf9lv4Aw/AjwF9nujHP4k1IrcalcR8hWA+WJT3VQSM9yWPpU3wJ/Zk8L/BC3a7g3az4lnXFzrV4o8w56rGvIjU+gOT3Jr2HqtfRYTC+y96fxfkfi2f59/aL9hh7qmnq3u+3yFooor0T4wKKKwvGXjzw38O9Ik1PxPr2neH9PjUs1xqNysK49txBP0FAm7G5n2qtqmqWWiafcahqN3BYWFuhkmurqQRxxKOrMzEBR9TXxz4v/4KR6Z4l1mXwz8CfA2tfF/xLkoLi1geHT4j/eeQjJXvn5V/2hWZpX7GHxc/ab1CDW/2lvHLwaGriaD4feFpfJtU9FmdeCRx0Lt/tirjBvczc0thfib+2P4w/aC8T3fwx/ZesG1e+yYtV+IE6FdP0xDwWiYjDNjoxBz/AAq3Ue8fspfsi+HP2YvD91JHcSeJPG+rnzdb8T3wJuLuQncVUkkrGGJIXJJPLEnp6v4A+HHhj4VeGLbw74R0Oz0DRrYfu7SyiCLnuzHqzHuzEk9zXTVsklsYNt7hRRRVCCiivJP2pvjvafs2/A/xJ47uIEvLixjWKxs5GKrcXUjBIkJHO3cdzY52q1AHrJNflx43P9p/8FGPjLLeIlxLY6bp0dpJKgZoFNvASEJGRnc3Trk0mm+Gv2k/jJo1tr/i3476n4POqxLcjRPD1t5K2qOAyoWR0IIBGeWI6ZJqX4bfAeH4T+INb1e98Qav4q8S6uqLeavrM5llkVemCck9ByxJ4A7V1U6Uk02tD5jH5nhp0Z0YSvJ6aevc9COc55orkZfCWtwSvJZeJbhcsSEuF3ge2ef5U37P43tD8lzp98o/vLsJ/QV138j423mdpbzPbTJKhwyEMK7Ww1ODUIwY3Ak/ijJ+YH+teL/274ttuJvD8M4HeCbGf1NA8dalbkGfw1fxEd4st+uKpSSMZ0uc90orx2z+NbWh2zadqJA6rJDuI/Ec1s23x58PkYure/tT6m3LCrU13OZ0ZLpc9JzzivJv2jfglH8ZvBSrYyfYPF+jv9u0PU4mKSQXC4YJuHIVioHswVu1d94X8YaV4ytZbnSpmmSJgjh0KFSRkcGtvkHIptKas9go1amHqKpB2aOv/YV/aWk/aS+DEF3rIWDxtoM39leILYfKRcIMLNt7CRRux0DBwPu19HDmvz1/YExp37Y/7SOm2RCac32K5aJRhRMS5Y4HHV3r9CeteNJWk0fsNGp7WlGpa10n946iiipNwooooAKKKKACiiigAooooAKKKKACiiigAooooAKKKKACiiigAooooAKKKKACiiigDC1+6S2udPDQiUmXgnqvbj862hTZIxJjIBwcjNPPSuSlRlCpObldO2ltreZcpJxStsOooorrICiiigAqN2CISTjAyafnmsfxNeC00uXBw8g2D8ev6ZrkxNaNCjOrLZJl04uclFdTnvDNyo15sfdl3gE+mcj+Vdxjn2rzG2nNpcRTL1Rg35V6VDMs8SSKcqwDA+xr5XhnEqrRnS6p3+TPTzGnyzjJbNW+4mooor7U8kKKKKACiiigDG8T+ENC8baVLpniHRrDXNOlBV7TUbZJ42B65VgRXyf46/4JgfDK/wBWfW/h5qevfCbxATvW48N3riDcMkZiYnAz2VlHoK+yaKAPhAeBv20/gYyjQ/E/hz406JDjFtrKC2vSoHTcSuT77mNEH/BR/V/h64tPjN8DfGngSZFHm6hZW5vLLJOMhiEwPozGvu7IqOaGO5jaOVFljIwUcAg/UGpcUylJo+bPBH/BQL9n/wAfNAlj8StMsLiY4EGsq9iwPoTKqqP++q900TxDpPiayW80fVLLV7RsFbiwuEnjOenzKSP1rhfiP+yT8HvizJ53ij4e6HqFyFKi5S2EEwB6/PHtb9a+FfC/gDTP2WP+ChOu+DPh2t54f8Nah4US8FiLuSZGkypyTIzE4ZWxknGSBgGsZpRi5djejepNQXU/TGWCO4jKTRpKh6q6hgfqDxXCeIvgB8OvFRY6n4M0ed2JZpFtVjck9yyYP615/b/FfxLFjdfJMB2khU5/EAGr8Xxo11B80FlJ7mJgf0auF1qctJI9qGFxVF3pys/JtGTrP7B/wk1WRnh0q/0pj/z5X7hR9A26sV/+Cefw1MQC6h4hRgPv/bgc/htruk+N+qAYbT7Rj7Fh/Wnf8Lw1D/oGW3/fxqzaw7+yvuO6OKzaGiqy+888tf8Agnd8PYbgSS6z4huYwf8AVNcoAR6EhM12uh/sU/CLRXWQ+GP7RkA+9f3UsoPuV3Bf0q6fjhqRHGm2v/fbU1vjfqp6WFov1LH+tEfq62S+4c8Tm1VWlVf32/I77wt8LvCHgsKNC8NaXpZX7r21oisPxxn9a6gL82a8Sf41a6/3beyX/tmx/wDZq+XL3xn8d/2nv2pfGfw28KfFcfDbQPDmnW96zafp6tLIHEYYbhht26Q87gAAOK6qcozdoni4qlWpx9pVd7+d2fonsY8hT+VZGueLdC8L27z6zrWn6TCi7mkvrqOFVHqSzDivkmf/AIJyeJfEUUSeKv2lfiVrAVSrJaXX2ZTnkjBZ+PrmtDQv+CUXwQtZ4bjxAfEvjK5QYLazrDlWOeuIwh/XFdSp+Z5vtDufHH7fXwC8ArML74k6TfzxZBt9ILXrkjt+6BH615Rcf8FJbnx1K9p8H/gv4z+IFweI7ua2NpankDJcBiBz3x719GeC/wBkT4L/AA8dJNA+GnhyzmXlZ5LFZ5AcYzuk3H9a9YtbWCygWG3hjghUYWONQqgewHFUoIhzbPhgaP8Atu/HAEXWpeEvgho0w+ZbVBeX4U54B+fDdP4kPcGt/wAH/wDBMHwLLq6a78U/E/iL4va9uEjSa7eOttnuBErEkexYj2r7Qoq0ktiW2zB8H+B/D3w/0aLSfDWiWGg6bGAFtdOt1hQY7kKBk+55reoopiCiiigAooooAbjgivgr/gqXft4mvPgh8NY5cr4h8UC6uYcZDRQhV5Hp++b8q+9RX50ftTavD48/4KMfDbQ7eaO5h8JeHLi/uFRw3lTSmUbWx0IHknB55FXBXkkcmKqeyw859kz1tgqnCKFReFX0A6Cqep6ZFqcOx/ldfuuOoP8AhVyivaPxu7TujjJfD99E5AhMn+0jAg06Lw3fSdY1jB7sw/pXY0VPKjb20jnIPCROPOuAPUIv9TWhb+HbKDko0p9XbP6CtOinZEOpJ9RkUMcC4jjVAOyqBQ9vFJ9+KN/95QafRTM7sjit4rcERRJECckRqFBP4VKq72UepApKranqEek6beX8rBIrWF52Y9lVSxP5CjYqKblZHEf8E07dNf8Ai/8AtI+LQuRceIItPjfHURmYkfhlfzr78HSvib/gkpocsP7NGqeJ7hMXPijxLfaiWxyyqUi/9Cjf86+2R1rw5O7bP2ilDkpxh2SQ6iiikbBRRRQAUUUUAFFFFABRRRQAUUUUAFFFFABRRRQAUUUUAFFFFABRRRQAUUUUAFFFFABRRRQAUUUUANx60HimuwVSScADOaxYfFVncNIBvAjUtlhwwHXHP865K2Jo4dpVZJN7FxpznflV7G5nFcH4n1T7ffbIzmKLIBHc9z/T8Ktap4ra7hMVujRBshmY849BjpXP4Civz/Ps5hiYLD4d3XV9/I93BYSVN+0qLXogxmur8JaqHj+xSH5lyYye47j8P5VyvaiORoZBIjFHUghgcEGvmMux0svrqtHVbNd0ejiKKrwcX8j1Enikz1rA0PxL9vIhljYTAEl0GVIHc+lGneKl1DUVtxAVR8hWJ5yPUV+s082wlSMJKXx6JWe58u8NVTaa23OhpaKK9k5gooooAKKKKACiioZp47eJ5ZXWONQWZ3O0ADqST0FAEh71+dX7R6fYP+CmvhGQcfbfBLoT64e4/wDia/QOy8R6TqWmy6jaanZ3VhFu8y7hnV4k2jLbmBwMDrk8V+amu/Eey/al/bni8c+CoJJ/BXgjR5NDm11x+51CctK37n1XMpwe6pu4DCsazSpyv2OvCJuvG3c9/ooorwD7gKKKKACiiq+oX9rpFnJd39zDZWkY3PcXMixog9SzEACgV7FivnT4cfGzwz+y5+3H8RPEHxHa90Pw/wCJ9Gt4NN1UWjy27MixsVJUE/wMvAODjOAc034iftv+DtBvG0bwTa3PxE8SsSsdtpSN9nVumWlxyAeu0H6jrXk9x8OPG3x31218QfGDUUTTrVzLY+ErBttvBn/noQeTjg8lj0LAcV6mEoVOa9tD5XOMxwtKnyyld3uktTt9T/ao/aD+PfjTVvHvw+8Wf8ID4Ogn8nQdDvbZHjvYUJBkmBVssx6nkAnaMBcn1HwV/wAFOPG3w6eGx+N3wyn+yqQjeJfCh82E9izQsSB68OPZa562tobO3igt4kggiUJHFGoVFUDAVQOAAKv6Fpx8Sa0ukW7xm4dS8iuchY/4mYdxz0969x0klqz87p5rWnVsoppvRdT6V0f/AIKQfs66xp8N1/wsuxsvMQMbe8triKVCezKY+o9ia0U/4KE/s6yHA+KujZ/2lmH80rxa2/Zs+F8W6S48B6Be3UmDNc3Gnxs8h/vHI4/CvS/hf+x38JdWSXU9R+GXheW1GUhjk0uIq5/ibBXkDoPfPpXFdXsj61RfKm9Gddbft3fs/XYGz4teGV/663ez/wBCArbsf2vfghqOPs/xa8GtnoG1u3Q/kXFUbj9ij4C3QIf4ReEBnqU0qJD+agVj33/BP79ni/UiT4UaEoP/ADwWSI/mriqEemaZ8cvhzrKg2Pj7wxeA9PI1i3fP5PW/B4x0C7UNBrmmzKehju42B/Jq+btR/wCCYP7NmoA/8W6W1Y/xW2q3qY/DziP0rnLz/gkl+zxcPug0bXLE/wDTvrMv/s26gD6vvvG/h3SraS4vdf0y0t4xl5Z7yNFUepJYAV4l47/4KDfs/fD0SrffEnS9SuI8/wCj6Lvv3JHYGFWUH6sK+RtZ/YC+AMHjfU4NF/tfWLTTZBa3FtNqbMiTAfMGZVViQeOGxwa9G8Kfs/fDbwQEOjeCNFtZUAAne1WaT8Wk3E/nXVGg5q9z5nE59Qw85U0m2nbsvvNDVf8Agq94b1iZ7f4d/C3xv47nx8kqWYt4SfdhvYD3K1y2o/taftafEIMnhn4YeGfh9auQVuddujczIPXG5R+cderxIsEQiiRYohwERQqgewHAp1bxw0VuzxavEdaX8KCXrr/kfPurfCn4/wDxV3j4jfH3U7WwmOZNL8KR/ZIyD1Xenlgj2ZWFb/gL4I/D/wDZn06/17TrS+ub+ZVhu9XvJGuLmRWYcdgqkgE4Azgda9jqtqdjFqenXVnPGssU8ZRkPRgRW6pRjqlqeLXzPE4r3asnbqloh9pdw39pDc20izW8yh45FOQykcEVNXj3gTxBL8PtbHhrVJSdHunLWF054jYnlGPYE/kee9ew1cXzI82pBwfkFFFFUZhRRRQAUUUUAFeU/tU+Kl8Hfs8+OdQ8wRySae1nGT3eYiID64Y/lXq1fNv7Z0E3jg/DH4X2ZY3PjHxPbwSogyfIRlDtj0BkVv8AgJrOrLli2ejl1L22Lpx819y1Z9yfsW+Bj8Ov2VvhlojxLFcJosNzMqj/AJaTDznz75kNe2VWsrSLT7WC1t0EVvAixRovRVUAKB7ADFWa8Y/XwooooAKKKKACiiigAooooAKKKKACiiigAooooAKKKKACiiigAooooAKKKKACiiigAooooAKKKKACiiigBhG4YIyD1rPg0Wys2kZIFBcEHvweo+laP40H2NYTo06jUpxTa2uhqUkmk7GBqHhW1uLY/ZkWGUZKkdD7H2rjZInhlaORSrqSCp7GvURXJeMNNWMpeIOp2yY/Q/0/Kvic/wAop+y+s0IpNbpLRruexgcVJS9nN3vsc3VnTNOk1S6WFOB1Zz2FVCea7nwzpostPR2GJZvnPsOw/L+Zr5TJsv8Ar+JUZfDHV/5fM9PF1/YU7rd7GhYafFp0AjhQAdz3PuTSxWNvFM0yRIsp6sqgE1a44pDiv2CNClFRjGKSW2mx8rzybbb3HUUlLXQSFFFFABRRVe5uIrO3lnnkSGCNS7yyMFVFAySSeAABkk0ATZx1r8u/2w/2jdT/AGrPiBe/B34falLZ/DbRpgPFGv2jcajKG5t42H3kBBHozAk5VRu6X4+ftW+Nv2rvFOp/C74A3R0zwbbsbXxF4/IKo6nhorZhztIyNy/M2eCq/M3OeGfgSnwJ8KQaLYRNc6bBmWXUdozO55Z5MfdPQYPAAABNaU0nKzZ5+OrVKNFypxbf5eZ4b4g/Zz8QeGvDevaR8MPG2peHNH1uIRaloE92/wBlvAMcEjnJxzkHjIzg4rd+Gvx58b/s/eE7HwxrHwZMui6eu1b3wzKWEh/ikdfnyzHksxBPoK9cguYrlN8Uiyqe6MDUgYhsjII9DWtTD06qszwcJnWKwjumn67nN2f/AAUK+GwVV1fS/E2gynql1pwYKfqr5P5Vqf8ADfvwY2867fg+h0ubP/oNXJreK5/10Uc3/XRFb+YqodA0stuOmWJb1Nsmf5VxvLqb2bPejxbXStKmvvKF1/wUI+E8bFbL+39Vk7La6Yef++nX+VZFz+3XfayHTwj8I/E+ry/wSXo8iM+52q2B+NddDY21ucxW0ERH9yJVx+QqwzluCSQPeqjl9Nbu5nU4rxMl7kUjzC9+K37SHjzcllpvh74eWT/8tJCLi5Cn3JcZ/wCAqawJP2brrxnepffEnxzrfjW4B3G2adobcH2XJI/4Dtr2umzTx26bpXWNR3dgK6oYelDaJ4eIzrG4nSU7LyMjwr4L0HwTZfZdB0m10qHGGFvGFZ/dm+834k1tEgDJPA5zmstddW9uBa6XbT6rdE4EdshYZ9zXY6B8F9d8SMs3iO6GlWR5+w2xzIw9GboP1rZzjBHnU8PXxUvdTb7/AOZyMN1e6/qI0rw/bNf3zcNIo/dxDuzN0wK9u+G/wztvAlrJPNJ9t1m5H+kXbDoOu1fRc/nXQ+HfDOmeFbBbPS7SO0gH3toyzH1ZurH611nhjwteeK9QFvbKVjUgzTkfKi/1PoK4qlRz0Wx9fgcshhf3lR3l+CLPgzwnP4r1VYgDHaRkNPMB0H90e5r6As7SKwtYreBBHDGoVVUcACqWgaDa+HNNis7RNsa8lj1Y9yfetM9KhKx6kpXYtFFFMkKa5AU5pT0rO8RXn9naBqV3/wA8LaWX/vlCf6UEydlc+FfhFMb+38TaiRze61cS59ct/wDXrvq4D4Gx/wDFvrebHNxcTSn3y1d/XtwVoo/GcQ+arJ+YUUUVRzhRRRQB5p4y8OW2rrd6fcrhCxaNwPmRjyrD8/50z4ceOLmxvF8LeIpNt/EAtndsfluE7KT/AHsdPXp169rr2jNfYngx5yjBU/xD/GuA8T+GIdftTb3IMFzGd0MwGHib1HtWTTi7o74uNSNpHrFFeZeBfiLcW14nh3xSwg1FcLbXrH5LkdBk9N3v3+vX036itE01dHHODg7MKKKKZAUUUUAFeK/CXSP+Fx/8FIbVivn6T8M9Badyc7VvJhhRn+9++z/2zPpXrutaxa+HtHv9VvnEdnY28l1M7HACIpZufoKxP+CVng+6vfhx42+LGqwldT8f67Ncxu64P2WFnVAD6b2mA+grjxMrJLufXcO4fnryrPZK3zZ9zUUUV5x+hBRRRQAUUUUAFFFFABRRRQAUUUUAFFFFABRRRQAUUUUAFFFFABRRRQAUUUUAFFFFABRRRQAUUUUAFFFFABRRRQA2qmp2gvbCaE/xKQPr2q3x6Uucg1jVgqkJQls00VFuLTR5pp1mbzUIbcgjLAMMdAOv8q9JRQigDoBXK6TapF4puhxhAzADtkj/ABrq6+Y4dwv1elUb3cmvktD0MfU9pKK6WX4jqKKK+tPNCiiigAoopjusalnIVVGSScAD1oAhurqHT7Sa5uJkgt4UaSWWRgqxqBlmZjwAACSTX5r/AB1+PPiX9u3xnf8Aw0+GF/Pofwc02UReIvF0QKtqxB5ghPeM9h/F95vlwrWP2jvjrrv7bHxA1D4O/C/UZNO+F2lyhPFniy3+7fkHm2gboUJBHoxBJ+QDd7H4F8CaH8NfCmn+HPDlhHp2k2SbIokHLH+JmbqzMeSx5JqW7GkY31YzwB8P9A+GHhOx8OeGrCPTdKs1wkScs5/id26szHksa3poI7mGSGVFkikUq6MMhlIwQR3FPoqDaytY8z1n4A+Hr52l02W60Wc5I+zPuTP+6f6GuYvfgp4qsdx0/W7S/QfdW4Qo2PryK9zorSNSS6nl1cswtV3cbPy0Pni48BePbPg6Pa3Y9YJ1Of1FVv8AhGfHC9fCkze6yL/jX0hRWnt5HE8koPZs+bx4Y8cyMAnhWVCe8kigfzq5B8OvH92R/wAS2xswf4prhTj8ASa+hKKHWkEclw63k2eIWnwO8S3uDqPiG1skP3ks4mc/gTiuj0j4AeHLJ1l1CW71mUck3MpVD/wFf6k16ZRWbqSfU7aWW4Wlqo3fmU9K0Ww0OAQafZQWUQ/hgjCA/XHWrlaGj6BqGvT+VYWslwc4LAYRfqx4Feo+FfhHa2BS41dhezj5hAv+rU+/c/yqEmz0fdpqyOI8HfD+98UyLM4a108H5p2HL+yjv9ele26Lolp4fsEtLOIRRLyfVj3JPc1djjWFFRFCoowFUYAHpin5q0rGUpNi0UUUyQooooAae9ch8X78aV8K/F10TgR6XcnP/bNh/WuvPNeX/tPXv2H4B+NZM4LWDRD/AIEQv/s1OO6MK75aUn2TPmP4Q232b4baEvQtCWP1LNXYVh+Bbf7J4M0OLGNtnEcfVQf61uV7cdEj8aqayfqFFFFMzCiiigAqvd2MF6u2aJX9D0YfjViigabWqOJ8U/DW18QWbQOQ4GShbiRG9VauX0vxjrvwxmj07xRBLfaPkLDqaKWdB2Dev8/QmvXqiuraG9t3gniSeGQbWjkUMrD0INQ49UbKq2rSV0RabqlprNnHd2NzHdWzjKyRNkfj6H2NWq89k+Eo0jUxfeGNXuNBLOGlth88LjPI2k/zz+FehDPeqi29zOSS2dwooo6nA6mmQfPn7anii+i+GmneBtDzL4k8dalDolpAnLlGZfM4HODlEP8Avmv0R+Enw8sfhL8MfC3g7TQBZ6Jp0NijD+MooDOfdm3Mfcmvgf8AZs0D/hpP9uXV/Gckf2nwb8LYDYae5GY5tSk3KXHYlT5je2yM+lfpPnORXkVpc0n2R+q5RhfquEipLV6v5/8AAFooorE9sKKKKACiiigAooooAKKKKACiiigAooooAKKKKACiiigAooooAKKKKACiiigAooooAKKKKACiiigAooooAKKKKACkPSlooA5TS4J08U3btGwjO7LEcYJBH8hXUg5rCjvLo+JZLdgfs+zgY4HGc5rdxXi5ZGEIVIwbdpSvfTr08jpxDbcW7bLYdRRRXtHMFFFFABXwJ+2V8ffE/wAbPHlx+zn8HJpPtbKR4z8S2ylk022yA1urDoxBw2DnJCDktt9N/bf/AGm9W+Gljo/wy+Gsbap8YvGjfZdKtYMFrCJiVa6fsuMNtJ4BVmPCHPc/sjfsv6T+y98M00eOUar4o1Fxe6/rkmWkvrpuW+Zvm2KSQoPux5Y0AeQfC/4XaF8GfBVh4V8PWhtLG0X53kGJLiUgb5ZD3ZiPwGAMACusr6dudOtLwET20M4PXzIw2fzrJufAfh+7OZNKtwfWNSh/8dxUWNVO3Q+eKK93uPhR4dnOVtZIP+ucrf1zVU/BzQT/ABXg+ko/wosyudHiVFeyv8F9JJO26u1HoWU/0p8PwY0ZCTJPdyegDhf6UrMOdHi9Fe3p8H/D68/6W31m/wABV+D4ZeG4Ao/s4SEd5JGYn9cU7MXOjwHI9qv2Gg6lqjYtbC4uPdIzj8+lfQ1p4b0qxOYNOtYjjGViXP8AKtEKFAAAAHQCiwnU7HiOl/CHW70g3Pk2CHrvbe35D/Gu10b4R6Pp217rzNRlH/PQ7U/75H9Sa7uiqSSIcmyG3tYbOJYoIkhiXgJGoUD8BU1FFMkKKKKACiiigAooooATtXh37Zt79l/Z+19AcGeW2iH4zIf6GvcTXzz+3BNj4QWVsDj7TrVrCR6j5z/QVUfiRxYx2w835Hnujw/ZtHsYsY8u3jTH0UCrdNRfLRV9FA/IU6vaWx+Ot3YUUUUxBRRRQAUUUUAFFFFABRRRQAV5H+1H8W5PhF8J7+60/dJ4j1VhpejwRjc73MgxuVRySqkn67R3FejeK/Fmj+B/D95revahBpelWil5bmc4UDsAOrMegUck9BXln7Knw81n9r/462Hxm8T6TLp/wu8JO6eE7C7XDX92GH+ksD95VI3Z6blRRnY1YVqihG3VnvZRgJYuupSXuLV/5H1f+xX+z6n7N/wA0DwxcKD4guQdS1qbqXvZQC43dwgCoD3CZ717xRRXkn6kFFFFABRRRQAUUUUAFFFFABRRRQAUUUUAFFFFABRRRQAUUUUAFFFFABRRRQAUUUUAFFFFABRRRQAUUUUAFFFFABRRRQAUUUUAJgdcUtFFABRRRQAV5f8AtG/HrQP2b/hNrPjfxBIWjtE8u0skYCS8umB8uFfdiOT2UMe1ekzzx20Mks0ixRRgs8jsFVABkkk8AAd6/PvwbbSf8FEP2p5fGV/G83wJ+G12bfRbaQHyda1EYLTMp4ZQQrc/wiMfxuKAPQf2F/gB4gbUNW+P3xWX7V8UfGoM0EEykf2RYMB5cKKfuMyhcjqqhV67s/ZVIBiloAKKKKACiiuV+IXxP8J/CjQX1rxh4i0/w5panb9p1CdY1Y/3VB5Y+ygmgDqqK+dvCf8AwUE/Z/8AGevLpGnfErTEvXkEUYvUlto5GPTbJIirz9a+g4pUuI0kjYSRuAyupyCDyCCOooAmooooAKKKKACiiigAooooAKKK+GP2xv8Agp34U+Bb3nhTwAtt428fcwuYnL2OnyZxiRl/1sgP/LNDwfvMDwQD7nor4N/4J9eGf2lPEnjHWPid8YfEV/beHtas9tr4c1H5HdiyskywABbdVXcAMBm3cjHJ+8qACiiigBPSvmr9uOfPhDwfaf8APfX4Tj6K3+NfSvcV8wftuHzD8NoP+emt5P4KP8a0p6yR5uYu2Em/IwmGGI9OKSlblj9TSV7J+QhRRRQAUUUUAFFFFABRQAWOACSewryX4sftQ+APhE7Weo6qdW10kLFoukAXF0znorBTtQk/3iD7GlKSirs3pUaleXJTi2/I9awScDJJ6CvGfi5+1P4V+Geox+H9Min8aeNrhvKtvDuhjzpmlPRXZQwX/dALf7NZvhr4P/tG/tb+XJqIb4E/Da45YSKzaxeRHsE+Vl3A/wAXlj2bofsf9nn9j/4Z/sz2AXwloiy61IuLnX9QInv7gnrmQj5VPPyoFHsTzXFUxHSJ9hguH9p4p/Jfqz5i+Gv7EXjn9o7WtI8ZftFTJpOhWTifTvh3pTFUweQbtwSSTwCoJbHG5Rla+/dK0uz0LTbXT7C1hsbC1jWGC2t0CRxIowqqo4AA4wKvZpDzXC25O7Ps6dKFGKhTVkuiHUUUUjYKKKKACiiigAooooAKKKKACiiigAooooAKKKKACiiigAooooAKKKKACiiigAooooAKKKKACiiigAooooAKKKKACiiigAooooAKKKKACiiuK+MXxV0X4JfDPxD428QTeXpej2rXDqGAaZuiRLnqzsVUe7CgD5f/AG/Pi1r3ibUvDn7OXw4mJ8ceOyE1K5iOf7N0vJ813I5Xeqvn/YV+7LX038GfhLoXwM+Geg+CPDcHkaXpNusSuVAaeQ8vK5HVnYlifU+mK/OL9n1fHUq+KP2jNSWNviL4pn+22sNwhkW10wEYhRTyAyqoHfYi9ya/Sf4W/EPTvil4G0zxHpxCx3UY82HOWhlHDxt7q2fqMHvWkoSik31PPoY2liKs6UHrF29TsKKKKzPQCiiigCG4uI7WCWeVgkUSl2Y9AAMk/lX85/7X37RviD9pL4067r2qXsx0i3upbbSNOLHyrS2ViECr0DMAGZupJPOAMf0Vatp8eraXeWMpxHcwvAxHUBlIP86/mj+PHws1j4LfFzxP4P1u1e1u9OvpETeDiWIsTHIp7qykEEetAHn9frh/wR5/ab1vxlZa58JvEd9JqC6ParqGiz3EhaSODcFkgyeSqllZeeAWHTAr8j6/Tn/gi38G9Vl8YeLPiZdWzwaLBZnSLOZ1IE87OrSbfUIqqCfV8djQB+t9FFFABRRRQAUUUUAFITgUtFAH4uftr/8ABTHxl8U9c1b4f+CBceA/C0N1JY3l5IzJf3mG2tvZeYY+DlVyxHU9q+o/+CeX7EXwf8H6DZePU8SaH8WPGGA4vrKVZ7LS2P8ADFEeRICD+8kUN/dVec/Svxs/Y6+Efx/ilfxd4OspdRkzjVrFfs16pPfzUwWOT/FuHtXwj4//AOCT3xH+Duvt4r+AHxEuvtkHzxWd1cGxvlA52LMmI5ASOjhAeAc8mgD9WaK/Or9kn9qz9pWD4z6T8KfjD8O9Q1BZiY5NfOntbyWqqrESySKPJlQ7fvLgnIwWPB/RWgAooooAK+XP20Tu1r4Wp66vKf8Ax1K+o6+dv2rPBeqeItT8A6raJG+naVfySXbM4Vl3Ku0gd87SOPatKXxo8rNP9zqehxZ5J+tJR3zRXsn5IFFFI7CKNpHZUjUbmd2AVR6kngUDtcWivH/iD+1r8Lfhw7wX3iaHU9QU7RYaMPtcxb+6dvyg/wC8wrnND8dftD/H4qvws+E0nhbRJfueJPGTeSu3+8sbYz/wESCspVoR6nq4fK8Xifgg0u70R75fX1rpdnLd3tzDZWkakvPcSLGiD1ZmIA/OvBvFv7ZvhG01lfD/AIG0/Uvib4olO2LT/D1u0kZPvIAcjPUoGx3Ir0bwr/wTBuPG15Dq3x3+JmseP7oHf/Y2mSNaafGfTP3mHuqofrX2D8Mvgx4G+DWkDTPBPhXTPDdp0YWNuFeT3dzlnPuxJrkliW9Io+pw3DtOFpYiXM+y0X+Z8IeHf2X/ANpP9pMLN49162+C/g6fBOjaOfN1OaM/wuyt8v8AwJx7pX1Z8Av2KPhP+zqsdz4Z8Nx3mvqPn8QasRc3zN3IdhiPPogUfWvePwpf0rklKUnds+po0KVCPLSikvIWiiipOgKTFLRQAUUUUAFFFFABRRRQAUUUUAFFFFABRRRQAUUUUAFFFFABRRRQAUUUUAFFFFABRRRQAUUUUAFFFFABRRRQAUUUUAFFFFABRRRQAUUUUAFFFFADa/OH9tjxjL+05+0f4f8AgRpE7t4P8LOms+L5oWO2SUAGO3JHUqrAY/vSHunH2V+078cbD9nX4I+JvHF9skmsbcpYW7nH2i7f5YY/oWIJ9FDHtXxL+yT8Nb/wf8PrjxN4kZ7nxp4yuG1rVrmcfvMyEsiEn0DFiP7zkdq3ow55a7I8XNsZ9Tw7afvPRf5nt8MMVvDHBDEsUEaiNIkACqoGAoHYADGKzfgt4vPwR+LUmh3L+V4O8UOGgZj8tpd9APQBsgH2KHtWrWJ4y8LweLtBuNPlISRvnhl7xyD7rA/ofY16NSHPGx+cYPFSwtdVUfa+c9KXNeJfsxfFubx94Vl0TWmKeKdBItrxHPzTIOElHrkDBPqM9xXtvavIaadmfrVGrGvTVSGzFooopG4V4f8AtHfsefDT9qKxgXxnpD/2rbKUtdZsH8m7hU/w7sEMuedrAjPTFe4UUAfAPhD/AII0/CDQtdF7rGu+IvENkjhk0+aaOBCAc7XZF3MPXBWvuLwj4P0XwB4dsdB8PaZbaNotjGIbaytIwkcajsAPzJPJOSSa3KKACiiigAooooAKKKKACiiigAoorwTxF+174Y8L/tU6H8DL/TdQi1vV7EXlvqpC/Zi7LIyRYzuJIiYbsYzgepAB73RRRQAUhpaKAG4riPjDD53gW8bGTHJG30+cD+tdvnnNfO37e3xe1X4Ifsx+KPE+jWMN9qMb29rH9pBMcJlmVPMZRjdtzwMjJIzxVwdpJnJiqTrUJ0lu00jhNQ1G00iykvL+6gsbOIFnuLmVY40HqWYgD868L8Xftr/DbQNSGk6HPqHjnXHbZFp/hy2acyN/dV+A3/Ad3412fw2/4JuT/Fu00zxZ8ePiLqXjiW7hjuodC0eVrXToVdQwXcAGIw38Cp9TX2F8MP2ffhx8FrcReCvBmj+HXxtNxaWy+ewIAIaY5ds47sa6pYlvSKPmMNw7TiuavK77LRHwdpFx+1V8aAB4P+FNl8OtLmwV1PxfNiUKf4vKYBge+PLP412+h/8ABMjxF4+eO6+Nnxl1zxSCdz6NoP8Aodn05GWHI9wimvv0DFGK5pVJS3Z9FQwGGw/8OCT77v7zxz4R/sg/B/4HpE3hLwJpdneoAP7SuovtV2x9fOl3MOmcKQPavZKWisz0AooooAKKKKACiiigAooooAKKKKACiiigAooooAKKKKACiiigAooooAKKKKACiiigAooooAKKKKACiiigAooooAKKKKACiiigAooooAKKKKACiiigAooooAKKKKACiiuD+OPxV074IfCTxT451QqbbRbKS5WNjjzpcbYox7u5RR/vUAfDH7YniQ/tMftceGPhFav5/gzwGBrfiMLyk12QCkLeuFZVx/00k9K9l46AADsAOleBfsc+DdQsvAGo+O/EZafxd47vZNbvp5B85jdmaIeoBDM2O28V77Xq0IcsNd2fl2dYv6ziXFPSOi/VhRRRXQeAcnrMmreAfGGm+PPDUDXF/asIb6yjz/pcB4KkDqcfXGAe1e+QfFjWfEfx/wBA8MaYy22iLon9p6lBJGGkLOMou7+ErlOnXLe1eX1r/sn27678TfiH4hldpFtxBpcLNzhVySoPttH5iuGvBL3j63JcVVc1hk9G0/u3PqeiiiuA/QwooooA/P34tfGXxp4e/wCCqnw28JzeJdQ0zwTdaWsKaXHMVtbppIbgkun3WYyqignkbVwR3/QKvz0/4KwfCbW7XTfBPx18Jxu2t+BruMXjRAlkt/NDxSkD+FJeG9pM9Aa+vf2dvjroP7Rnwl0PxvoMyMl5EFu7QMC9ndADzYWHUFW6Z6qVPQigD06iiigAooooAKKKKACiiigBo5FfmZ4nuF+Mv/BYzw/FpxW4tfBWnKl1KmQEMUMjsCfUS3Cr+lfVv7ZX7Xvhz9lL4b3V/c3EN74wvoWj0TRNwMk8uMCVx1WJCcsx64wOTX5o/sffGnxX+yp8fNI8XfE/w+G0v4rKDPr14CLmBZJi3mg5wo3sjurDOwqRjAFJtLRlKMpJyS0W5+21FNVgwBByCMginUyQooooAK8L/bg8Dn4h/sm/E/R0h8+f+xpbuFP+mkGJ1x+MYr3SqWsaXb65pF9pt0u+1vIJLeVfVHUqw/ImgDxn9iHxwfiF+yd8L9YZxJMNFhspjnJ8yAGBs+5Mefxr3OviT/glLqUum/BTxl4Cu/lvvBfi2+0x0J5VSwYfhv8AMH4GvtugAooooAKKKKACiiigAooooAKKKKACiiigAooooAKKKKACiiigAooooAKKKKACiiigAooooAKKKKACiiigAooooAKKKKACiiigAooooAKKKKACiiigAooooAKKKKACiiigAooooAbivz2/4KY+MX+I3j34YfALTZz5er3i65r4jP3LSIsEDY6A7ZWx6ovtX6CzTR28TySuI40UszMcAADJJPpX5MfCrxE/x0/aA+KnxpnJls73UDo+hs/8NnDtAYexVY/xLVpTjzSSODHV/q+HnU62svVn1Xb20NnbxW9vGsNvCgiijUYCKBhVHsABUlIpyob1FLXsn4/J31YUUUUCIru5WztZp3OEiRpG+igk/wAq9C/Yr0hrb4RzarKP3+salcXbMerAEIP/AEAn8a8a+JupHSvAesSgkO0Pkqf9piF/rX1X8EfD3/CK/CTwnphG14dPiLgjkMy7mB/FjXDiXsj6/h2lerKo+iO7ooorgP0EKKKKAKGr6RZeIdKvNN1K1ivtPvIWguLW4QPHLGwKsrA8EEEgivzC8ffs4fGX/gnv8RNS+IXwGW48V/De9k87UvC7q07QRgk7JIgdzqoJCyp8yjhuMk/qZRQB8O/Bn/grV8HviBFBZ+MWvfh1rwOyaHUo2mtQ467Z0HAyD99V9Oa+rPCnxp8BeOLdZ9A8aaBq8bYwbTUYXPPQEBsg+2K4/wCLf7Hvwd+NzyzeLPAelXmoSghtStovs10Se5lj2sx/3ia+ZfFP/BGX4R6ncedoHiTxR4cbJYIs8Vwq+gG5A2B9c+9AH36rq4BUhgRkEHORT6/NRv8Agjxqujs7+H/j3r1ixPyobJ0IHu6XAz/3zVT/AIdMfE2eU+b+0dqyxk/88Lp2x+NyKAP0vubuG0TfPNHCv96Rgo/WuR8SfGjwD4Otnn13xr4f0mJBlmu9Shjx+BbNfA9t/wAEapLtMa18c9dv9zFnWPTSoOTyfmuG5Prius8Lf8EZPhDpcofXPEfifxA3dTPFbqf++UJ/WgD1L4gf8FO/2fPASsqeMj4kuQCRDoNs9wCfTfgIP++q+afF/wDwU/8Air8cp5NB+Afwxu7RpwU/tzVEFw8Q6FgoxDHj1dmHtW9+2J/wTB8IaT8DhqfwW8NyWvivw/N9ukgM8lxPqVuB88Y3scuuA6gDnawxlhWP+zP+2l4C8Z+DLHRvEeoad4H8V2KCC7sbwLaW08g4MkTHCgsRyhIYHIwRg1hWnKEbxVz08vw1HFVeSrPl/X5nkXwH+BD+J/2hNSvvjvqN14q8cwkS29vfTmaCSRfm+dj98BSGVFwuM8HgV2v/AAVHt7F/g14YklUC9j1kLbADnaYW3gD0wq/kKv8A7VXxP+H+iXmkeMtG8a6Q3ibT5FBtrC5WeaZAcqwCE5Kng5wCG9q5L4S+EPGX/BSj476B4h1jR5tD+D3hSRXl352XLqVZolY8PJIyqGxwiDGc43edQ9tVq81TZH2GZvAYLBeywzXNJWavd3XVn6t/C2e6ufhn4SmviTeyaRaPOSMHeYULZ985rqqjjjWNFRQFVQAABgADoKkr2D88CiiigApjuEBZjgAZJpx4rG8UX4sdJlwcSS/u1/Hr+lA1qfE/7JF4fAn7fn7RXg07YbTxBHb+JbWPONxLZcgepNwxP+7X3lX57+MJh8Of+Cmfwe18KEtvF+hXWhTvnAaSNXK/jkwD8q/QiktgaswooopiCiiigAooooAKKKKACiiigAooooAKKKKACiiigAooooAKKKKACiiigAooooAKKKKACiiigAooooAKKKKACiiigAooooAKKKKACiiigAooooAKKKKACiiigAooooAKQ0UUAfN3/BQj4uH4Pfso+M9RtpTFquqwjRbHacN5txlGK+6x+Y3H92vlb4JeBl+HHwp8NaBsEdxBarJc4GMzv88mfozEfhRRXZh1qz5bPZPkhHpc93spPNtIH/vIp/SpqKK9FbH51LcKKKKCTifiTZtr934V8OR5L6vqsMLKO6Bhu/8AQs/hX3dDEsMSRqAFVQFHoMUUV5mI+M/QeHUvYzl1uTUUUVyn14UUUUAFFFFABRRRQAUUUUAFFFFABXzX8b/+Ce3wT+PWty63rvhmTS9dnbdPqWhTm0knPcuoBR2/2ipPvRRQBxvgb/glJ+z94N1KK+n0LU/EkkZysWt37Swn6ogQH8civrXQ9C07wzpVtpmkafbaZp1sgjhtLOJYoo1HZVUAAfQUUUAaNFFFABRRRQAV574q1QajqJRGzDBlR6E9z/T8KKKllw3Piv8A4KCvJ4Rm+CnxFgT994X8Z2rSS5xticq7DPoTEBX6Jo6yorqQykAgjoQaKKaCW4+iiimQFFFFABRRRQAUUUUAFFFFABRRRQAUUUUAFFFFABRRRQAUUUUAFFFFABRRRQAUUUUAFFFFAH//2Q==" alt="" width="489" height="366"></p>', 2, '0:0:0:0:0:0:0:1', 'N', 'N', 'Y', NULL, '2025-06-03 23:16:57', 'admin', '2025-06-03 23:16:57', 'admin'),
	('BOARD_00000000000031', 'NORMAL', '첨부파일 테스트', '<p>첨부파일 테스트</p>', 2, '0:0:0:0:0:0:0:1', 'N', 'N', 'Y', 'FILE_000000000000001', '2025-06-03 23:44:52', 'admin', '2025-06-03 23:44:52', 'admin'),
	('BOARD_00000000000041', 'NORMAL', '첨부파일2', '<p>첨부파일2</p>', 1, '0:0:0:0:0:0:0:1', 'N', 'N', 'Y', 'FILE_000000000000011', '2025-06-03 23:50:46', 'admin', '2025-06-03 23:50:46', 'admin'),
	('BOARD_00000000000051', 'NORMAL', '111', '<p>11<img title="Oi88e1594808110.jpg" src="data:image/jpeg;base64,/9j/4AAQSkZJRgABAQAAAQABAAD//gA7Q1JFQVRPUjogZ2QtanBlZyB2MS4wICh1c2luZyBJSkcgSlBFRyB2NjIpLCBxdWFsaXR5ID0gOTAK/9sAQwADAgIDAgIDAwMDBAMDBAUIBQUEBAUKBwcGCAwKDAwLCgsLDQ4SEA0OEQ4LCxAWEBETFBUVFQwPFxgWFBgSFBUU/9sAQwEDBAQFBAUJBQUJFA0LDRQUFBQUFBQUFBQUFBQUFBQUFBQUFBQUFBQUFBQUFBQUFBQUFBQUFBQUFBQUFBQUFBQU/8AAEQgB6AKMAwEiAAIRAQMRAf/EAB8AAAEFAQEBAQEBAAAAAAAAAAABAgMEBQYHCAkKC//EALUQAAIBAwMCBAMFBQQEAAABfQECAwAEEQUSITFBBhNRYQcicRQygZGhCCNCscEVUtHwJDNicoIJChYXGBkaJSYnKCkqNDU2Nzg5OkNERUZHSElKU1RVVldYWVpjZGVmZ2hpanN0dXZ3eHl6g4SFhoeIiYqSk5SVlpeYmZqio6Slpqeoqaqys7S1tre4ubrCw8TFxsfIycrS09TV1tfY2drh4uPk5ebn6Onq8fLz9PX29/j5+v/EAB8BAAMBAQEBAQEBAQEAAAAAAAABAgMEBQYHCAkKC//EALURAAIBAgQEAwQHBQQEAAECdwABAgMRBAUhMQYSQVEHYXETIjKBCBRCkaGxwQkjM1LwFWJy0QoWJDThJfEXGBkaJicoKSo1Njc4OTpDREVGR0hJSlNUVVZXWFlaY2RlZmdoaWpzdHV2d3h5eoKDhIWGh4iJipKTlJWWl5iZmqKjpKWmp6ipqrKztLW2t7i5usLDxMXGx8jJytLT1NXW19jZ2uLj5OXm5+jp6vLz9PX29/j5+v/aAAwDAQACEQMRAD8A/VOiiigAooooAKKKKACiiigAooooAKKKKACiiigAooooAKKKKACiiigAooooAKKKKACiiigAooooAKKKKACiiigAorM13xFpXhfT3vtZ1K00qyQZa4vZ1ijXHPLMQK+a/iT/AMFLv2f/AIbPLA3jL/hJL1Mj7L4dt2uyWHYOMR/+PYoA+p6K/NLxZ/wWRS53p4F+Euq343EJc65drbKR2JVA/wCW78a8i8R/8FO/2i/Ebn+yrDwp4VhZSMJatcSKexy7sM/8BxUuUVuylGT2R+xOT6UZPpX4Y6v+1/8AtMeIWDXfxeubPnldOsoIAP8AviNc1y958Y/jZqcrS3fxo8Ws7fe8q+kjB/AMBU+0h3L9nLsfvvRX8/jfEX4sdvjF4zz151OYj/0Or+m/Gz446K4ex+NPiiNl6eddNIPyZiKXtI9w9nLsfvpRX4f6J+29+074WZTB8TINbjXrDq2m27hvq3l7vyYV6An/AAVT/aFtdPW2fwp4OvLsDH2wQzKGPqV84D+VUpxfUlwkuh+wFFfkC3/BVf8AaEM1uy+D/BixqmJYykx3t/eB+0fL9Oa2tN/4K4fGK0Yf2j8LvDt8vf7Ldyxn8Mu1PmXcXI+x+slFfmfo3/BZWW28tfEfwa1SEZ+eXTdSWTH0Voxn/voV6v4Q/wCCufwH8RTRQatL4h8JTsPm/tbTd0an/ehZzj3wKaaewmmtz7Zory/4eftOfCn4rCIeFPiBoOrzS/dtkvUjnJ9PKcq+f+A16hTEFFFFABRRRQAUUUUAFFFFABRRRQAUUUUAFFFFABRRRQAUUUUAFFFFABRRRQAUUUUAFFFFABRRRQAUUUUAFFFFABRRRQAUUUUAFFFFABRRRQAUUUUAFFFFABRRRQAUUUUAFFFFABRRRQAUUUUAFFFFABRRRQAUUUUAFFFJn1oAWopZUhR3kcIigsWY4AA6knsK+Qv2l/8Agpb8OPgXdXPh/wAP7viD41QlP7M0mQG3gcdppwCFIPVVDEd8V+cfxo/aa+Mv7Ss00fi/xRL4f8NSHK+GtBYwQbc8CQg5kPP8bN7AVLko7lRjKWx+m3x0/wCCkXwY+CMtxpw1xvGPiKPK/wBk+HMXJVx/C8oPlqfUbiR6V8Q/FD/gp58cPiYZrbwVpmnfDXR5MqtzIour4qc4O9xtU4x0QHPevl/SPDunaGgFnapG3QyEZY/VjzV+aeO3jLyOEQdWY4rnlVv8KOiNFLWTKnilfEHxI1FtR8deLda8YXxOS2o3juinrhVJO0c9BgUafoWnaUALWyhgI/iVRu/M81RuvFcERIgjaU/3m+Uf41nSeK7tj8oijB/2c1m+aW5quVbHXE9jRXJR+KrtWyyxOO424/lWpY+Jre6YRyqYHbgEnKn8e1Q4tFKSZs0UUE4qSgoHPSszVtai035FHmTkcID933PpXNXOt3tyxLTsg/uxnaB+VWotkuSR3FFcCmpXaEEXMo/4EauweJb2E/M6zL/trz+Yp8jFzI7GisK18VwSECeJoj3ZfmX/ABrYt7qK6TfFKsi/7JqGmtyk09iXJHSop7WC6G2aGOUHqHUN/OpaKAOevPAeh3p3GyFu/UNbsUIPrxxXffD74z/GX4OGJfBPxP1m3soiNul6pMbq2wOwSTcqj/dUfWsKirU5LZkuEXuj7C+GX/BXXxl4ZMVt8U/h/Dq9qMK+reGn8uQc/eaFiVOB6MtfbfwR/bZ+Dv7QCRReFvGNomrOMnRtUP2S9U9wEfAfHqhYe9fjFz2NY2q+EdM1ZxLJbiC5BBFxbnY6kdDkdSPetlW7oxlR7M/osor8P/g3+2t8c/2fPItrTXP+Fg+GIsA6Pr7F5UQdo5s7179yP9k1+h/7OH/BSD4V/H6e30a8u28C+MXIQ6LrrrGsr/3YZjhX56KdrH+7W6kpbHO4uO59Y0UgORS1RIUUUUAFFFFABRRRQAUUUUAFFFFABRRRQAUUUUAFFFFABRRRQAUUUUAFFFFABRRRQAUUUUAFFFFABRRRQAUUUUAFFFFABRRRQAUUUUAFFFFABRRRQAUUUUAFFFFABRRRQAUUUUAFFFFABRRXhn7Vn7WvhD9lHwR/a+vSG/1y8ymk6DbsBcXsg/PbGCRucjA6DJIBAO/+Knxa8J/BLwdeeKPGet2+iaNaj5pbhvmkbtHGo+Z3PZVBJ/M1+S37Sv8AwUG8f/tNvfaB4MN18P8A4cMxRpo326hqUfTDuv3FPdEOOcMzdK8Z+LHxN8bftMeNj4u+JN+Z9pP9naDCStnYRk8KqZxnpknLMfvE8AZoAQAAAKowAOABXPOrbSJ0wp31kZ+i+H7DQIfLs4AhP3pG+Z2+prSoorlbvqzpStogqOS3imILxq5HQsM4qSikMiFtCOkMf/fIpGs4G6wRH/gIqbBPODTDNGHCmRAx6LuGT+FMRUl0SxmGDbIPdfl/lWfc+E4H5hleM9g3zCt6impNBypmbpUd3Zj7NcjzEH3JVOeP7p71flDmMhGCORwxGce+KfRSvcEYw8MWxYvNLLM5OWJIGTVhPD9gnS3Df7zE1o0U7sLIqLpNkvS1j/75p39mWnT7NH/3yKs0UrsLIpNo1i3W1j/LFLBpNpbPvigVH7EE1cpgmjaQxiRTIOqBhkfhRcLIfRRnFFIYUUUUAFFFFABWXrfhvT/EEW28gDOB8sy/K6/Rv6dK1KKadndCaT0Z7H+z3+3f8Vv2ZXtdN1aab4j/AA/iwpsb2Q/bbOP/AKYynJwBn5W3L2+Wv1X/AGfv2m/h/wDtMeF/7Y8E60l3JEo+16ZP+7vLNj/DLGeQM9GGVPYmvxFqrok+u/D7xZaeL/AmsXHhjxTZndHdWjbElHdXX7rK3Qggqe4NdMKvSRzypdYn9DtFfE/7GP8AwUb0T483dr4H8dww+EviYqhFjZttpqjAcmAk/K5Az5ZJz/CW5A+2K6TlCiiigAooooAKKKKACiiigAooooAKKKKACiiigAooooAKKKKACiiigAooooAKKKKACiiigAooooAKKKKACiiigAooooAKKKKACiiigAooooAKKKKACiiigAooooAKKKKACiiuI+MPxa8O/A34da1418VXgs9H0uEyNgjfM54SJAfvO7YUD1PYAmgDgv2tP2q/Dn7KXw4l13VANR1283Q6NoqPiS9nxxnusa5BZscDAGSQK/GLxf4t8U/Gfx/e/EH4gXx1HxHe48qDGILKIfciiTooUdB6kk5Ykne+KfxL8S/tEfEG7+J3jMlJr4mLRNHyTHp1kCdoUHuc/e6sSzdwBz9clSp9mJ106dtWFFFFc50BUc9xFawtLNIsUSjLO7BVH4muc1vxrFZ3X2DTYTqepNwIouUQ+5H8vzxVS38F3muSrdeI7trhvvJZQNtjT2JH9PzNWo21kQ5a2WpNefEK2kuDbaTaT6tcD/nkpCA+5xnH4VEIfGOscyTW2jRH+FBucD9f5iuqsrK306ARWsEdvEOixqAP/r1PVcyWyDlb3Zxv/Cv5rvH2/X7+5PcK21f1Jq5YfDzSNPuorlRPNNEQwaWUnBHQ4GK6aip55dw5Y9g75oooqCwooooAKKKKACiiigArmdZ8B2OqXMl5FJNZX7tu8+Jz973H+FdNRVKTWwmk9zirfxFqXhW5jtNfAntHOI9QjGR9G/zn612ccizIroyujAMrKcgg9xUV7Zw39tJb3EYmgcYZGHUf0PvXGWVzN4C1RLC6kMui3LEW07c+ST2Pt/8Ar9auyltuTrHfY7qikGMZHP0payLCiiigAooooAKKKKAMnXPD0GtLFJve1voCHt7yBiskLA5BBHPBGf5Yr9D/ANgj/goNd69qNh8Jvi/erH4mwsOi+JJ2ATUx0WGZjx5vQK38fQ/Ngt8DVma9oUOvWflSExTRkPDcJw0TjoQevWtqdRx0exjUpqWq3P6JqK+Bv+Ccv7cN18UoV+E/xEuCvj7SoCbDUpm41i3X1J6zKuCf7ygt1DV9812J3OJqwUUUUwCiiigAooooAKKKKACiiigAooooAKKKKACiiigAooooAKKKKACiiigAooooAKKKKACiiigAooooAKKKKACiiigAooooAKKKKACiiigAooooAKKKKACiiigBjkKCScAck+lfjx+2l8e3/a1+OLeGdIuTL8LfBVwVLRn5NTvhkNJ6Mo5Vf9kMf46+v/8Agpf+0rc/CD4UW/gjwxOR478blrC0ERxJbWp+WabjkEghFPqzH+E1+e/g3wvb+DPD1rplvhjGN0sneSQ/eY/U/pXJiKvs42W7OrD0/aSu9kc34zYnWjHgKkcSqqgYAGO1Yddv4t8PyaiEu7Zd0yLhkHVl7Ee4riJAYSwcFCudwbjH1zXJTkmkkdk4tPUa7rGjO7BVUFmYnAA9TXFXes3/AIzupLDRWNvpyfLcX5BGfUL/AJyfam3t3cePtRews3aLRLd8XFwvHmt6D2//AF+ldjYWEGmWsdtbRCGCMYCKP1PqfeujSG+5hrLbYp6H4dsvDtt5VnHhiPnlbl3PqT/TpWpRRWbberLStogoorA8Q+MLTQ3W2RWvNQfhLaHk5PTd6fzoSctEDaSuzfpqSJIDsdX2nB2kHB9DXGLoGveJj5mr3zadatyLO2OGx6Mf8c10Wh+HrPw9bvFaI4Eh3MzsWZj0zVcqXUSbb2NPOKydX8TWWiXlrBdmRPtBwJQuUU5xye1W7rUre0uYLZ3LXc52w2yAtJK3QKqjkknj61Q1f4TePvGNnctD4N165RVZlEWnysqYGR/D+tNK712E2/s7m1Vdr62S9SzaeNbplLLCW+Zh6gVk+CdSfU/Dlq0uTPEDDIG6gqcc++MVW8b6A+oWS39nmPU7L97E69WUclf6j/69JK0uVjv7t0dPRWZ4c1qPX9It7xQAzDEij+Fx1H+fWtOpas7Mad1dBRRRSGFFFFABVDWtJh13Tp7OcfJIOGxyjdmH0q/RTTtqhbnJ+BtWnC3GiX5/0+wOxST9+PsffH8iK6yuM8bQto2o6f4gt15hcQ3IH8SH1/UflXYRSLNGkiHcjqGUjuCMirkr+8upMdNH0H0UUVmWFFFFABRRRQAUUUUAZupxalZXuna7oF5LpniTR5lu9PvLdtjpIpDAA/UfT16mv2g/Yn/alsf2p/g7a63KY7bxZppWx17T1+Uw3AHEir1CSAbh6HcvVTX44dK9H+CnxS1D9kP4y+HviJZ+Y/hfUxHp/iixjzhoXI/e7f7ynDD/AGlI/jNdFOok1F9TCrT5lzLofubRVHSdUs9d0uz1KwuY7ywvIUuLe4iOUkjZQysp7gggj61errOMKKKKACiiigAooooAKKKKACiiigAooooAKKKKACiiigAooooAKKKKACiiigAooooAKKKKACiiigAooooAKKKKACiiigAooooAKKKKACiiigAooooAKqalqFtpGn3V9ezLbWdtE0000hwqIoLMxPYAAn8Kt18Vf8FTvjbcfDz4D23gnRZiniTx5c/2XEqHDLajBnb1AIZEz/tn0NJu2oJX0Pg3xl8TLr9pf4/eLfipelzpKzHTPD1vJ0htIyVVgOxYZY/7Tt7VfPWs7w7ocHhrQrHTLYYitYhHn+838TfUnJrRrwqs/aSbPdow5IpBXlvxR1OXxPrVp4J0cJ9uugJL662g/Z4epGexI5Ptgd69B8RazD4b0O+1S4x5VrEZMf3iB8q/icD8a4z4M6DLHpFz4l1Eb9W1tzcM7dViydqj0B6/Tb6VVO0U5vpt6iqatQXXf0Oi0jwDomiabBZW9mvlRKBuJO527s3qTWH4oSws7gWlnbqki8ySZJIPZR/Wux1rUl0nTpZzguBtQerHpXmUjtLIzuxZ2YszHuTVU+aT5pMmfLFcqQlFGax/FGvp4c0p7g/POx2Qx/3nPT8B1roSu7I520ldlDxT4kuLe4j0nSgJtVnGMjpEPU+9WvDXhW20CMysftWoycy3T8sSeoXPQfqar+DvDj6VA97e5k1O7O+V25Kg87R/X/61dLVydvdiTFX1YYqlrGqRaJp095Of3cY+7nlj2Ue5NXa6P4B/CY/tCftA6J4WnjMnhvR8aprLAcNGpGIyfViVXHozHtUq272RaTk0o7vQ+pv2Av2WYdH0W3+LPjawW58U6uBNpFtcpkadbfwyKp6SMOQeqrjuxr7dSQq4OSQCCQTwaijjSGNIokEcSKFVFGFVQMBQOwAwKdXDObnLmPo6VGNKKiv+HPxf8X+HP+EE+NvxO8L7fLjsdbnkhUnpE7ll/wDHStMr0n9s/RR4c/bL8SFIhHHq+l2t8CP4jsVS35ofyrzau5u9n3SPnZLllJdmzitGUeF/Gl1pf3bLUB59uOytzlR+o/AV2o6VyXxFtHXTLbVIARc6fMJQR12kgH8M4rprK7S/tILmM5jlQSLj0IzVS1SkZx0biT0UrKUxkEZGRnuPWkrMsKKKKACiiigCjrWnrquk3lo3PnRED2bHB/PFZPw9v2vfDMCSH99as0DDuMHj9CPyrpM1x3hL/QPFfiHTxwhkE6jPr1/mK0WsWiHpJM7Giiisywoo+poBB70AFFFFABRRnAyat6fpV1qkoS3iLDPLkYVfqaG0tWCV9ES6Dpp1TU4YsZjU7nPYAf49K7/WNJttd0q7067QPa3MbRuPQHoR7g4I9wKj0TRotFtfLQ75W5eTH3j6fStCuScryuuh1wj7tmfXv/BKj48XWs+Dtc+DPiS536/4LfdpryH5p9OZvlA9fLYgeyyIO1ffQ6V+F+j/ABCuv2e/jj4J+LGnh/s1hdLY6zEhx51lJ8rg+vylsf7Sr6V+4ulala61plpqFlMtxZ3USTwTIcq6MoZWB7ggg17NKftIpnjVYckmi5RRRWpkFFFFABRRRQAUUUUAFFFFABRRRQAUUUUAFFFFABRRRQAUUUUAFFFFABRRRQAUUUUAFFFFABRRRQAUUUUAFFFFABRRRQAUUUUAFFFFABRRRQA3HNfjT+1V8R/+F7ftn+JtQim+0eH/AAPCND0/BDIZlJ85xjvvaTn0VfSv1R/aJ+KEPwY+B/jbxrKwVtI0yWaEE43TkbYV/GRkH41+LHwh0ye18GxX967S6jq0r6jczOcs7SHIJPqRz9Sa5cRLkh66HTh4c00+x21FHXgU15EiGXdUH+0wH868c9nYratpVprmnzWN9AtxaTACSJicNggjpz1FTwwx20EcMKLHFGoVUUYCqBgAfhVG68R6daZ33Ssw/hj+c/pWJfeOxyLS2P8Avyn/ANlH+NUoyeiRDlFalTxtqHn36Wit8kC5b3Y/4D+tc5T553uZ5JZDukdizH1JpldcY8qscspczuIfc1xOnr/wmPi6W+f5tN00+XAv8Lydz/X8FrY8b6s2keH52jJ+0TkQxAdcn0+gzVrwvo66HolraAAOF3yH1Y8n/D8K2j7sbmT1lY1fqeaKKKzLK2o3sem2NxdSkeXChc++B0r7z/4JrfCg+EfgrdeNNRixrfjK6a7LsPmW1jZliXPoW3t9GFfn9q+iXXjLWvDvhGwBN7r+ow2a7RkgMygt9BkE+wNftR4Z8PWnhHw3pWhWCCKy0y1is4UXoqRqEH6Cpqy5YW7nfgqfNUcn0X4s0qKOOprqvDPhfzgl1eKdnVIT39z/AIVyQg5uyPVq1o0Y80j8rv8AgpJo7aX+0v4F1F0MZ1Lw+UDMMbgksoH868Dr6+/4K92q2/xX+C94q4LWt9CW9g6YH/jxr5Br0JLlUV5HzLqe0lKVrXZV1KzXUdOurVhlZomT8xWB8OLxrjwzHFJ/rLWRoD7AHI/nj8K6kcHPpXHeBsW2s+JLMcLHdbwPQEtTWsWhPSSZ7B4dsbfXdCME6/PA7Ksg+8gPI59PasPWPD91o7kuPNgz8syjj8fStbwDORc3cOeCoYfUHH9a7F1DqVYBlIwQRwRXG5OEn2OtRU0jyWiu41PwVbXLNJav9mc87eqH+orAn8IapE2BAso9UcY/XFaqpFmThJGNV3R9Kl1i9WFMhBy744Uf41p2Xgu+uHHn7baPuSwZvwArsdN0yDSbYQwLgdWY/eY+pqZVElaJUabb1PNL61NleTwEcxuVz6jsfyriVH2f4pOB0nscn3I//Zr0/wAa2wh1gSgcSxhvxHB/lXEy6AJPE8GriYgxwmHytvXOec/jW1OSau+qMpp3su5marr154f8SRC9IfR7vCRuFwYXx3P1/T6V1IOaoa5o8Wu6XPZS4AkX5W/usPut+f8AWsjwHq8t5p0un3eRe6e3kyAnkgcKf0x+FW1zRuiNpWfU66xu/sN5FOQrhGBZWGQw7jH0r0U6Ppt3Gsn2SBldQwIUDINeZ16D4QuzdaJGrHLQsY/wHI/Q1y1E7Jo6abu7Mlfwtpb8m0Uf7rMP60z/AIRPS85+zH/v43+NbFQ3F7b2YzPPFF/vsBWPNLubtRW6KkHh7TYCClnGSOQWy3860FVY0CqoVR0CjAH4Vn/8JFpecfbYvzqaHV7Cf7l5C3/AxUtSe4Jx6FuikV0kGUZWHqrA0tIozPEmhReJdBv9LmA2XMRQH+6xHyt+Bwa/QX/glv8AGOf4lfs1weHdUlZ9f8FXTaJchySxhHzQMf8AgJKf9szXwaDg16N/wT+8en4U/tm3/hyWTydI+IGmkKhOF+2Q5dCPcgSj/tp9K7sLPVx7nBio3Skuh+uVFFFeoeYFFFFABRRRQAUUUUAFFFFABRRRQAUUUUAFFFFABRRRQAUUUUAFFFFABRRRQAUUUUAFFFFABRRRQAUUUUAFFFFABRRRQAUUUUAFFFFABRRRQB+fX/BYj4iSab8IPCHw/tJStx4p1hZblUfBNtbgMQR3BkeM/wDAK+AY/EGowQxwx3TJFGoRVVVAAAwB09BXu/8AwU58Yv4z/bJsdDBD2nhTRIkG05xLNmRs++HQfhXzxXHXs2kzsoXim0W5dXvpvv3k7A9RvOKqszSffJb/AHjmkorCyWxvdvcKKKKACiiormcW1vJKeiKW/SgDjNakGvePdL0371vZgzyDsWHP9AK7jrzXn/gUNdeLtYuXOWVAmfqQT/KvQK0no0jOGqbCiikyFGSQAOTn0qDQ9X/Ya8Ff8J9+1rb6lKhksfCGmyXpOeBO42Jn8ZCf+AV+ptfDf/BLTwoR4P8AH3jSaIebrGqrZwy9zHEpYj6bnH5V94aRpr6rqEcC5Cnl2H8IHWuet70+VdND2cJanQ55dbs2PCegfbpBeTr+4RvkQ9GI7/QfzruQMCo4IUtYkijUKiAAKOwFSV104KEbI8etWlWnzPbofmr/AMFiFVNd+CEnG9rrUFz7L9n/APiq+KT1Nfa3/BYld2sfBU/3bu9A/wCBeTn/ANBFfFJ6057Iwh1CuP8ACvHjTxR/vx/1rsK4zwewfxh4oP8A01UfkWFTHZ/11Lluj07wbL5WuxqT99GX9M/0r0A9a8v0i+GnalBcsCyxt8wHXBGD/OuyfxrpwXIMrn0CVyVItyukddOSSszexntTWZU+8yr9TiuJ1Pxtc3IKWqfZkP8AGeXP9BXPSzSTsWldpGPUsSf50o0m9xuolserCeI9JUP/AAIU4EHoQfxryTAHOBTw7r0dl+jEVfsvMPa+R0/jyaJ57VFcNIisWAPQHGM/lXLUck5JyT3qmNWtTqZ08SD7YI/N8rB+7nrnpWsY2Vkc7d3cuVxmqD+wPHtjeqNtvqSGCXHA3jgH/wBB/WuzrlPiTaGbw2blB+9tJUlU+nOD/MVrDe3czltfsdXXTeDdThsIr77RII4wFfJ7nkYHqa5KwuhfWNvcLyJY1f8AMZqespRvozSLs7o6HVvGFzeFktM20PqPvt+Pb8K55mLsWclmPJLHJoooUUtgcm9wrk/G11Pp+paBcxyssX2rypFBIVg2Oo78ZrrK434ojbolpMPvR3SMPrg1pDWSRnPZs7RZHjOUZkI/usRVuHXNQt/uXko9i+7+dZtrcreW0c6dJFDfnUtQ0nuaJ22NuLxjqcWAZY5B/toP6Vlav8Sr7wh4w8E+OIIkjvPDGrwXoeEHc0YdSy8noduPxqGsrxRY/wBpeHtQt8ZZoWK/7w5H6inBKMk0iZNyi0z+hrR9Ut9b0my1K0kWW1vIEuIpFOQyOoZSD3yCKvV87f8ABP34gH4j/shfDjUZJTNc2enjS52YjIa3YwjOP9lFP419E16R5oUUUUAFFFFABRRRQAUUUUAFFFFABRRRQAUUUUAFFFFABRRRQAUUUUAFFFFABRRRQAUUUUAFFFFABRRRQAUUUUAFFFFABRRRQAUUUUAFFFUNb1FdI0W/vmwFtbeSYk9AFUt/SgD8FvjN4oXx/wDtP/GDxKjM0U2uzWsJbtHExjUD8EWsSsHwldnVU1fU2+Z7/Uri4ZvUs5Of1rergqO8md9NWigpglVpWjDAuoDEdwD0/lT6xILrb4nuI8nDoF/EAH/GoSuW3Y26KKKQwrI8Tz+VpuwdZHC/h1P8q165fxZOWuoYgfuLuP1J/wDrVUVdkydkZHw8O3xFrynqQhA/E139eaeHrwaZ46UOQI76LZk/3u36j9a9Lq6m9yab92wVn+ILv7DoWoXH/POByPrjA/nWhXNfEOZk8LXKIMvM6RgepLCoirtIpvRn6lfsG+El8Ifsp+BYtnlzahBLqUuRyTLIzKT/AMBC/pX134N0wWmnmdl/ez/N9F7D+teS/Bzw0NM8BeCtCRPLW10qzt2UfwhYUDfyNe8IgjUKvCgYwOwrOmuacps9HFz9nThSXZDqKKK6jyj80P8AgsJcBvFfwUtAfmMt9MR7Awj/ABr4uJ5r64/4K5Xwn+OPwgsQc+Tp15My+m5wM/8AjlfI9RU6Dp9QyB17cmuL8IwC38RalN5m83ZZ+R05ziur1Gf7NYTyDghDj69BXJ+HG26tBz1DD9KUdmU90drRRRWZYUUUUAFFFFABXHaODd/EXWp85FvCkWfQnH+Brr2cRqzkgKoLHPoK5H4dRm5h1bU2GDe3TMD6gE4/UmtI6JsiWskjsKzfElsLvw/qMWMlrd8fXaSK0qiuk32sy4zujYf+OmoTsymroxPAN2LzwlYNnmNTEf8AgJI/liugrjPhVNv8OyQk8xzNj6GuzqpK0mTF3SCiiioLCuP+KYB8MKfS4TH612Fcd8Um/wCKchQfxXKD9DWkPiRM/hZp+EroyWbQE8xkFfof/r1vVxegXP2TUYcn5JBsP9P1xXaUpLUUXdBSMoYbW5DcEUtFSWfoX/wRt8VtdfB/x54TkdN2g+IDJHGOqxzxjB+haJ/yr9B+1flD/wAEffEX2T45/FvQjKFjvNPt71I/UxylSfwEtfq/XoLVJnmyVmwoooqhBRRRQAUUUUAFFFFABRRRQAUUUUAFFFFABRRRQAUUUUAFFFFABRRRQAUUUUAFFFFABRRRQAUUUUAFFFFABRRRQAUUUUAFFFFABXGfGe5Nl8HvHVwpw0WhX0g+ot3P9K7OuU+K9p/aHwu8YWoGfP0a8jwBnOYXH9aAP57/AIars8HWZ/vNIf8Ax411Fcd8L7vzPDi2rcPA7cHqAWz/ADrsa8+fxM9CHwoK5KCfd4n356zMo/IiupnlEMMkh6KpY/gK4jTG3apbMScmVT+tOK3CT2O7ooorMsK4fWZvtGqXDDoG2j6DiuzuZvs1vLKeAilv0rzO/wBYtrBv38mJD82xRljWsFczm7IqeIYXWCG8hz5ts4cEemea9K8P6umtaVBcoRuYDcPQ15idau70YtdOd0PG6XgEVYsLnxDbHMM8FijAKQihsD6YNbSjdWMoys7nrFYuv2p1HU/DFhgn7ZrFtDjHXLgY/WseLwzr14BJJ4mcowyPKjwKitvA17d+M/CFhJ4ivd2oavb2y3CghrYs6jzU+b7y5yOnIrKMUnuattq1j+gDwHpnlXTtsO23jES8d+n8hXblTnOK+DdB/wCCfPj9rI3Fn+0x45gZnOPMd3BwcZOZTW1/wx1+0XoMefD/AO1RqzOo+WPVNOEqn2OXb+VFOKjFWZeIqOdRtryPtjFFfEzeGv25/AcUAtfFPgH4iQxn5ku4Ps8zj03bEGfxqKT9uH40fCwkfFn9nTWoLFH2vqvhWU3cIAHLbfmGO/LCtOXsc/N3Pmz/AIKk6idQ/bF8MWA5XT/DMcuPQvJN/gK+cK6f9pf49eH/ANoT9qbWfGGiNc2+mS6ZbWVpDqMXlTBkVdylcnBDbuh5rmKzqbmlPYxvFM/lacIweZGA/Ac1gaK23VrU5/iq74rufMvY4geI1yR7n/62Kz9K41K2/wCui0JWiEn7x3X8VLRRWJqFFFFABRRRQBz/AI61T+yvDN5IDiSVfJT6ng/pmp/B1otl4Y02NBw0Qc+5b5j/ADoXwDqPxd1bxDY6eWFj4X0G81y9kUZAMcRKJ9S2xfoT6Ung2f7R4W0xs9IAn/fPy/0rZq0EZq7ld7G1TX5Rv90/yp1Nfo30P8qzW5Zwfwqkxb3sfrISPwP/ANeu+rzj4ZTiKWVSceZI6j68H+lej1dTcin8IUUUVkaBXE/FFs2OmRf37sfoP/r121cH8SX8zUtCg9ZWc/ht/wDr1pDdGc/hZXDFWBU4KnI+td9aTrc20UoPDqGrgB611vhefzdPMZ6xMV/A8j+tVJaCg9bGxSO4jRmJ4UFj+FLWfrtz9l0yYg4ZxsX8f/rVklc1Pfv+CU2sNZftnXNvgkal4eu0J/3WR/8A2Wv2lr8P/wDgmHMYf24/DiZ/1mjXynHf9yx/9lr9wK9CPwo86fxMKKKKokKKKKAGGqF5qLW2oWtuIWdZc5cHgVoYrC1ieSLWdMVXKozEMB0P1rzsbVlRpKcXbVL73Y2oxUpWa6M3hS0g6UteiYhRRRQAUUUUAFFFFABRRRQAUUUUAFFFFABRRRQAUUUUAFFFFABRRRQAUUUUAFFFFABRRRQAUUUUAFFFFABUM8CXUEkMiho5FKsp6EEYIqaigD+cHV9GuPhp8U/GPhy5DK+j61dWThhglVlZQce+3NdUCGAIIIbkEdxXr3/BTz4UN8L/ANrO716GLy9H8bWiagjAfKLlQEmX6kqrf9tK8B8NasGUWkzYZf8AVse4/u1yVY63R10paWLfiW58jTWQH5pSFH06muU026ij12wti37yRwVXHYVpeJb37Vf+UpykI2/j3rA0ZftHxAsFHIiiZj7fK3+NKK90qTvJHp1FFFYGxjeKLrybARA/NKwH4Dk1xzWsUkwlaJGkAwHKgkCtnxJeC61IorArENgGe/ess9a3WiMJasO3JrNi1uKW4CFHSJ2KRXBUhHYYyAfUZH5j1FdH4J8C6/8AGLxvp/grwnatd6vfOFklwfLtYv45HYfdVRyT+AySBX65L/wT48FeKP2dtL+F99CbW202JpLTW0jAu0vWGXuB7M3VDwVAHYEF0mk93+BUafMnK9kvxfY/JHRdbbT28qXL25Pbqh9R/hWxd6gtr4l8E6nHKPKttctZS+eAN6nP6Gl+N3wQ8Zfsy+OpfCfjmyKKWZtO1mJSba/iB4dH/LKnlTwR0J4DxC8p0aURuQEZZQAeAQeo/Oq5dUQp6H9Inh1Amj2uP4ow31zz/WtLua4b4F+Nbb4jfBnwP4ntJBJFqmj2twSvQOY1Dr+DBh+FdzSSski5PnbfcKcnLAZ68H6U2sD4geJ4/BPgPxH4glcRppem3F4WboDHGzD9QKCHsfhT8VtQsfHv7SHxV8SC2jMbeIbhLY7AAgR2UEAcdFFUmYIhZjhVBJzXO+A3mu9Fl1C5O651C5lupW/vFm5P55p/jLWTpunpbQI017dsIooEyzPk4wAOTk4FRK8pWNIWjG5xuv8AiVYtVUbfMeZ8sM42qTgfjWxpn/IRtcf89BX034z/AGKJ/hl+xJr3irWrTzfiFPcWmq3isNzWNoG2mAY6MBIHc+qhf4a+YfD0wu7uwkXkOVb9Kq6a93poKUJQklLrqd8etFFFYGoVFBOlwGKE4Vip+o606aQRQu56Kpb8hWT4WlMtlKScnzST+IBqktLivqbNUdZ1SPRdMuLyUjZEpIB/ibsPxNXe+MV0/wCz38HZP2lfjhYeHZI2bwjoLLqGuTD7rqp+WHPqzfJ9Nx/hoVt3sNRcmord7H1r+xJ+z1J4c/Zm8T6trNsf+Ei8fWE80iuvzratE4gT1+bcXx/tD0r8+vhvI3/CN/Z5MrLbTyRMp6qQc4/U1+7nh/Q3vpYobZBb2sO1flXCxqBgKo+gwBX4z/GPwKfhJ+0t8U/BvltFbQ6tJfWQYfet5T5iYz1wrqMjuDSptzUmzqxMYU3CmnqkYo6UZxzRTZDtjcjsCf0oOU8+Ui3nLxAIVkLDAxznNd5Z3IvLaOdejqDj0PcVwOckn1JNdB4Vv9rvaO3DfMn17itZK+plF2djpaKM+1FYmoV5544fz/GOmRdfLhLfnn/CvQ6828SkT+P5SOkVsq/jj/69bU9zOpsSVu+E5tt3NFnhl3Ae4P8A9esKtHw/L5erQjP3iV/MU5bER0Z2lcp4ovhPdLbocpF973Y/5/nWzrOrLpsGFIM7D5V9Pc1xrMXYsxJYkkk9zURXUuT6H09/wS409739tzS5wpK2Wh3srEdspsH/AKHX7c1+Rn/BHLww+q/Hb4i+ImhJt9M0aKyWXHAkllBx9cRPX6512rZHDLcKKKKoQUUUUAMxiuR8Q6j5OvW2OVtyufqTk/piupuZ0tIHlc4RBkmvN7u5e7uJZX+85JI9PavjOI8b9XpQpQerafyR6uAo+0lKT2S/M9MDB1BHIIzmn1h+GdSF7YiNj+8iAUj27H8q285r6fC4iOKowrQ2aPOqU3Tm4PoOooorsMwooooAKKKKACiiigAooooAKKKKACiiigAooooAKKKKACiiigAooooAKKKKACiiigAooooAKKKKACiiigD5S/4KPfs2S/tD/s/3j6Nbmbxf4YZtW0pUGXmCr++gHu6DIHdlSvxJ0y+F/bJKAVkU7XXoVYdRX9Mdfjr/AMFKP2Mbz4N+M774s+CtOaXwRrM3mazY20fGmXTH5pAB0idjnPRWJHQrUSXMi4ysz4xJJOckknrTvAMRvPFeqXf3kgjESn3J/wDrGqV7qMVtp73SkMm3Kc/eJ6V0vw30ttP8OieXia7czMT1x0XP8/xrB6RZ0LVo6usjxPr8Xh/THnc7pm+WKIfeZj0wKVdak1XWbfQ/D2n3PiXX7pxFb6dp8bSu7noOAT+X6V+hn7F3/BOK48MazYfEn4zxQX/iaErNpfhgEPbac3VXmxlXkHBCjKqeSWbG2Iw6vY0lLotz85Pif8CfFXwTfwFqPi1WtNT8X6ZJqg06RCslrFvKosmejEBWK9RuAPOat/Bj4M+NP2k/G8fhTwFp5uZAVa+1aUFbWwiJwXkfoO+AMliMKD2/UH9v79k/w/8AG3xl4O8c+OPiHYeA/Anh+ylttUkuDtuJQX3hYC3y7m5XkEjqFbpXz3r3/BS/4Z/s5+Ex4E/Zx+H8Uljb8f21q4aKOeTGDMyA+ZMxwPmdl9AuMCt99Uc17aM+5v2V/wBj7wZ+yz4QFho8P9q+IblQ2p69coPOuXHZRzsjB+6ufcknmvXtX8Z+HvDw/wCJpr+l6b/193sUX/oTCv5/vin+3L8b/i7PKdb8f6nbWjnIsNIk+xW6j0CxbSRj+8Sa8OvNRu9RlMl3czXUhOS80hck/Uml7O+rD2mh/RR8VY/gn8fPCN34U8X694W17TZ8lUOqwCWB8YEkTh9yOOzD6HI4r8vf2if+CcPjv4S/atZ+HLP8U/ADgsBp5WW/s0IJ2vGhPmAD+NAc9Sq18IcV0Phj4h+KfBV5FdeHvEeraHcxHMcun3skDKfYqwrRRtoTza7H6af8Epf2s7bSIz8CfFzzWV+tzJJ4ekuEIJLZeS1YHlWBDMueDlh6Z/T4V+Bfws/4KC/EXwB4xsfEWtWHh/x7qVpwl/r2mRNfqpGDtu0VZASDjcxY1+jvwD/4Ku/Cb4ry2+m+KzN8O9ckwv8AxMmD2Lt/szgfL/wNVHvWcou9yoSSVmfa5Ga+YP8AgpT48HgL9j3xqUP+k6yItGiAbBJmcBsfRVevpmyvYNTs4buzuIrq1nUPFPA4dJFI4ZWU4IPqDivzP/4LM/EdLeX4XeCGDNaNPPrd4ifebbtiiUDvndL+lTFalyeh8NR3dt4R8LWrXR2rDEo2fxO2Og9819mfsD/sd6lrWq2nxa8d6YzXsgEnh7Rpk4t0P3bmRT0OOVB/3jzjF/8AYf8A+Cfd946v9O+KXxk097bTlIn0PwlOpUsM5We5U8hehVDy3BbAwD+ndtaQWkYjt40hReioABWbi7WvvudFOoovmavbbt6nE6t8JtM8XeFtX0TX1F3aapaSWc8Q5VVkUqT7kZyPcV+Dmu/DnVfg78YNf+H+toU1DQb2WIMRgTRdUkHqGUqw9mFf0PYxXwP/AMFQv2WLzxr4etPjF4OsvO8U+GISmq20K5e9sBkl8DlmiyxPcqzf3QKcIpLlRFWpKpLnk7n58UVS0fVoNb06G8tn3RyDp3Vu6n3FXaxasab6ox/F2pjSvD15cEbjtCKM4yScVQ8EXBmt5crsZlWTb6ZFZ/xRnMllp1gM5ubgE/QD/Fv0qKw1yDw7509wT5YiKqi9WP8ACBWyj7uhm5e9r0Om1y9vWls9I0e3kvdf1SQW1lawrud3YhQQPqePev1u/Y1/ZUj+A/wsstImw2sXzC81m/A+aecj7inqVUfKD/vHvXw9+y7qXwx/ZcuYvib8WpZvEXxV1KMDw/4G0aEXV3p0Lj5HlXIWKZwRtViGVWztLNgfVEXxe/a7+P4V/Avw60n4PeG5iDHqni1zLemM4+YRMuQcHp5f40OnpboVCvyNuK129D7bs7KKygWKCMRxoO3T6k1+WH/BWXwno2gfFDwV8S9M1PTpp7yE6Pq9pBco8wCZMUrIDnG0upOP4FFe7p/wT18cfEcpP8X/ANoXxf4kLFTJp2hv9jteM5ABJUjnqEBrauP+CU/wFXwrq2nWuj6k+r3ltJFBrd/qU001vKynbKEBVCVbBwV55HerSitDnblJ3Pykn8eaBB11KNv+uYZv5Cs6++J2iRW0oilmuJCpCqsRGc+5rWuPh5c/C/xrr3gHxXpEFp4n0K5aGXfED56Zysikj5lYFWB7qwNR+K9Jgn8M6kkdtEjiEuCkag5XnsPas7RUrO5spScbqx5+viyw2jmT3+SpbbxbYRTJIkro6ncCVPWtzW/h7feAPD3g/X5VNx4a8WWP2qyvNvyxzoxjnhJ7FXQ/VWU+tU2t4nGDFGfqBWr5TK0ludfpPi/StXMSQ3kZuJBxCSQ2fTnrW0PWuC0FLLT9Sjle0hHOBJtGUPqK7wHOMHOehFc8kk9DeLbWoteY3zeb441lv7oRP0H+FendSQO3UV5dL/yOWvZ/vr/Kqp9SanQkkvY4ryK2O7zZASOOMCrlvM1tNHKmNyHcM9M1ga0fs+r6bc9FyY2/H/8AWa2+gHrWjWiM09R8073UzSSsXduSTUE8ot4XlYjailj+FS5A6CtbwD8N9X+NfxK8M/D7QFL6lrt2kDOq5EEIO6SVv9lFDOfZTRFXdgk7K5+rH/BIX4XyeDf2bb7xXeRGK98X6nJeLu728WY4z/315p+hFfdNc/4C8F6b8OfBWh+F9GhEGlaPZxWVtGOyRqFBPucZPuTXQV1HKFFFFADelZR1+2+0zwZbfEpZvlOOOuK1uSKhW2iEjOI1Dt1bHJ/GuWsqzt7Jpa63V9C4uK+JHE654gfU8RICkAOcHq3ufQe1ZGMV2niPQ0vbdpoUAnQZGB94en19K4oehr8lzvD4mlinLESvfZ9GuyPqMHOnKnamrW3RYsL+XTrlZoT8w4IPRh6Guvi8S+bYyT/ZJspgbcdc9wfSsbwxoov5TcTLugjOAp6Mf8BXZgBRgDgV9PkGExioc/tOWL2Vr/M83HVKTmo8t2t2R204ubeOXaU3AHawwRnsanpMe9KTgV91FNRSk7s8d2FoooqxBRRRQAUUUUAFFFFABRRRQAUUUUAFFFFABRRRQAUUUUAFFFFABRRRQAUUUUAFFFFABRRRQAUUUUAFcd8YPBEHxL+FPi/wpcg+VrOk3VgcDkGSJlBHuCQfwrsaKAP5fp9P1FoIbN4N0tjM8M0DHBV1bGDn06V6z+z74Mj+NXx48F+A/GGrXeiaBrVwbUnSdqsCFYqvzZA3MoUk5xmut/bP+Fz/AAY/a1+IOhrD5Om6ndHWtPwPlMU/7wgf7rM6f8AryjRPEc3gjxn4W8U25Ky6JqltfZBxwkisRn324/GsnvY2Wx+9nwN/Zi+G37OumG08DeGrbTbh1CT6nL++vZx/tzN82P8AZGF9q8Z/bE/4KJeC/wBmi1m0PRTb+L/Hzodmm28oa3siejXLg8H0jX5j32jmvq3TtQtte0m1voHWa0voEmjZTkMkihgR7ENXybpX7BnwJ8L6xeXEPgK21G4a4eUyavcS3ZBLEkBWbGM9OM+9Qkm9Sne2h+Ofxw/aC8d/tCeKH1rxt4gm1iUEmC2UlLW1B/hiiHCgeuMnuTXnHkSeUZdjeWDjftO3Ppmv6G9E+EPgXw2gTS/Bug2CjkeRpsKn89ua/N7/AIKxePY5vH3hT4eaXbwW9pp1r/aV1FaxKu+4mJVAQoByqJwP9utk+hk42V2fANdNpHwy8Ya9Zi80zwprmpWh6T2mnTSof+BKpFfsd+wl/wAE4PCHwq8GaP4v+Iei23iLx9fwpdfZtRjWW20oMAyxrGcq0gBG52BwchcYyfu+GGO3jWOJFjjUYVEAAA9gKog/lp1TR7/RLo22pWNxp9yvJhuomjcD/dYA1Sr+mT4vfAPwF8ePD82keN/DFjrcDqVWeSMLcQnBAaOUYZCM9j+dfhV+2/8Ash6n+yP8T00pZ5NS8KasjXWjalIuGZAcPDJjjzEJXOOCGUjGSAAfOFFFTW9rLdyiKCJ5pG6JGpZj+AoA9w/Z2/bO+KH7M1/GPC+uPc6EXDzeH9SJmspRnnCE5jJ/vIVPrmv1T/Z7/ax+BH7aeu+H7jxB4e0nT/ifpAP2HT9fijlkRjyxtJmGHGRnbwwwDjvX4etazJcCBo2WbcF2Ou0gnsQa7DxP8KPH3wwvEm1vwxrWgTQssiXM1rIiq3DKyyAYz0IINQ4p6lJtH9L7Z70lflL+xJ/wVQutNk0/wR8Z7t72yJW3svFpBaWHPCrdAcuv/TQfMP4t3UfqxFKk8SSRurxuoZXU5DAjII9sVg046M6IyTWg6kdVdWV1DqQQysMgg9QR3FLRSLPyF/bx/Y7u/wBnDxZd/EnwPYNP8NNWm36lptsuf7HnY9VA6RMT8p6KTtPG2vnO0vIb+2juIJBLDINyuvQiv371bSbLXtLu9M1K0hv9Pu4WguLW4QPHLGwwysp4IIPNfj/+2b+xRq/7LGtXfjPwTbXGrfCq8l33FouXm0Z2PRu5iz91u3Ctzgka5vUUZcjs9j47+IeqrH4vsg4JhtYxuxzgtk/yxX3T/wAE2/2IpviXqtn8XviNpZHhm1kEvh3SbpeL6QHIuHU9YlIGM/fYZ+6PmT/gmh+zd4Q/aHX4neJPHXh+LxB4dW8s7TT47oOgEse52ZWUg/dZVIzghyD1r9YLOyt9OtILS0gjtrW3jWKGCFAiRooAVVUcAAAAAcDFaX5UkZ/E2+h518P/ANmz4Z/DHxbrXijw54RsLLxHrF1JeXeqyK01wZJGLPsZyxjUsSdq4HNemE7uvNFFZ7miSWwUUUUDPkT9vf8AYpT9o3w9D4s8IrFYfE7Q4v8ARJuEXUYRk/ZpD03cnYx4BJU8HI/KW0v5pby/0PWrOXSPEFmzW17pt0hSSNx8rDaefw7frX9CtfMf7XX7CXg/9qC2/tqCQeFfiBbR7bXxDax/63A+VLhRjzFHQNnco6EjinZNWZGsXdHx/wDsO+AdC/aL/ZU8Z/CvxRam4h0HV3MFxEP39kZVLRzIT0IZX9iCQeDXyB8Zvgz4q/Zx8aSeGvFkDSWTktputxKfs97EDwyt2I6Mp5U9eME/oN/wTv8A2XfjL+z3+0B45fxrpMFt4ZvNLED6lb3CPDe3CyoYWiAO77vmFshcZAPXFfavxa+BPgr43eE7vw74t0SHUdOuAT/ckifHDow5Vh2YfqKmzjJ21TNueM4JNWa2fkfz9ZDDIIIPINS6j4qudJ8O3UaE+aAFilHVMnH8ulfUf7Tf/BNn4g/AN7vXPAy3HxA8DpmRooY86jYoOSHjH31A/iQH3VetfIN5dQ6zp1zBHlbgKcwyDa4I5wQfpV8t9ehhzdtz9NdH/wCCRvhfxF8IPD2raN4817SvHN7psF9LfXDJNZSTSRK5QxqqsFBbAIcnAyQelfAHxh+C/jf9nf4n3ug/ELTzZX10u+2v4/mtb5AQBJE4ADA9xwQThgDX7VfsK/FKH4t/sqfD7WVmWW8tNPXSb0DgpNbDyiCO2Qqt9GBrsf2gf2fvCP7Sfw7u/CXi6zEsDgvZ30Sj7RYT4ws0THoR3XowyDkU76tMm2iZ/Pj4htDdaZJs/wBZHiRcdeOv6VZ0y9+32MM4IyRhvYjrXZ/HL4OeJv2YviPf+CPGcRJhHm6fqsat5N/bE4WRD+hXqrAqemT5TbasmnahItkrXVpIdxjCkFT3xTs2rBzK9zpNQv49PtmlkPThV7sewFfrT/wS8/Y/ufhL4UuPif4ysTD4z8SwBbK2nXEmnWLYYAg8q8mFY9woUcEsK8I/4JkfsT6Z8XFtfjP46EWoaNZ3jxaJoTJmOSaJgDPNnhlVuFXkEqSeAAf1uHStIx5TOUuYWiiirICiiigAooooAb2rz3XrH7FqkyKMK53qPY9vzzXoXFc7r9ssusaWSB8zkE9+CCK+Zz7CLFYeL6pq3zdjvwVX2VR+af4GrpVkLGwih6FVGfc9/wBaug8mjsBR+Fe/SpqlCNOK0SSOGTcm2+o6iiitxBRRRQAUUUUAFFFFABRRRQAUUUUAFFFFABRRRQAUUUUAFFFFABRRRQAUUUUAFFFFABRRRQAUUUUAFFFFABXnfx7+NWgfs9/CzXPHPiKUix02LMcCEB7mduI4Uz/EzYHsMnoDXoZ4r4J/aPg/4an/AG4vAfwakJn8FeCLf/hJ/EUKnKXE5wYomwfQouD2lek3ZXGlc+Ov2sPhD8YfiL8K7P8Aac+ItwIri/vIYoPDUURUaVpUm7yCe4DMw4PPzhictgfKupxC80qcR4YPHuX37iv6LPiZ8PdK+Knw88QeDdYiDaVrNjJYyqB9wMuFZR2KttYe6iv57PEvgrVvhd428ReBtfiMWsaDeSWcykYDqG4df9lhhh/ssKybvqbJW0P29/YO+IR+Jn7Jnw71aSUzXdvp4024YkZ8y3Yxc/8AAVU/QivUdR8N3019PJDAXiZiykMBnNfD/wDwRr8cG9+FPjzwbLKvm6LrK3cMX8QjnTBP03RH86/RS0k6qfqKS+IG3y3ODPhjU/8An1b/AL6H+NfjP+3BewaV/wAFDJpdbAisLHUtJa538gQqsLMT7bSa/d+vxB/4LCeApPDH7VEOvCHZaeIdGguBJnIaSItC/wBMBU49x61slYycmz9t4LiO7gjnhcSQyKHR1OQwIyCD6EVMea/JL/gn/wD8FLr/AMO6dpnw0+I9pc6vptlCY9N162+e4t4UX5YpkP8ArFUcBgdwGAQ2Aa/RPSv2q/hRrFuJovGunQgjJS7LQOPqrqDUuUYuzYcsmrpHrVfFP/BUnwP4f8e/CXwvZauHF7Fq5ltJIWCyKPJcSYyD8pymR6ha9c8Y/tqfDTw1ZyNp+py+Jr0A7LXSoGck+hYgKB75NfCHx1+M3iD42eLP7X1i3aws7dTFY6eobZbxk5PJA3M3Vm78DgACuOtiIxjaL1OmjQlJ80lofFHjD9nHUdLhkudCuhqkSjJt5F2TY9uzfoa6z9muws7fQdVlEYXVkuvLn3jDogUbRzyBnd+Ir2LIPSvOPir8HfiHYNH4/wDBXhrXmsXiYX+oadYyPCAvR2IUgjGcnGPlrCFWVZezb+Z0ypxov2iOZ/aa0ewGk6ZqW1I9SM5hDKMGSPaSc+u0gc+9fst8LVGo/CTwYt2i3CvotiXSdQ4Y+QmSQ3B71+B9lL4g+LvjXRtKnurjU9S1G6isbdSNxDSOFAVRwOW7V/R1oHwuHh/w5pWlwXu5bG0itVLJ1CIq54/3a76cJU4KLdzjnOM5uS0PG7v9kf4PeO/FFpf6t8OtCnu4280yxWwhLEHOXCFQ3PrmvpBEEaKigKqgBVAwAB2FZWj6A+kTSvK6SOwwpTPA/GtYc1MndlRWgUUUVJYVFdWkN9bS29zDHcW8qskkUyhkdSMFWU8EEdQalooAyvDHhPRPBWkx6V4e0ex0PTI2Zls9Ot1giUk5ZgqgDJPU1qEkds0Z9a4z4q+IfFPh/wAOo3hDQzrmsXEy28aswEcAYH96+SMqPr9aL2Vxwg5yUV17nU6nqtlotm93f3cFjaoMtNcSKir9SSBXkviH9q3wNpVw1ppc934lvRkCHSbdpcn03HA/LNeLfGKbwF8GNMh8U/tE+P5tb1ecGS08N2MhJk/2YoVwzAHgt8qjua+O/H//AAVk1bThLpnwd8A6J4G0pfljvb2Fbm8YdMkDCKceu760kpy20OpvC0dG3N+Wi+/c/Rk/HP4ja7n/AIR74TX3lkjbNqlx5IIPcjA/nSnxZ8fbhwy+DPD1lGRnE14G/wDZ81+KvjD9t346+O2l/tT4n+IFjk6xWN0bNB9Fi2gV5jqfxJ8W61N5uo+Kdav5T1kutQmkb82Ymr9i+7M/rlNfDSXzu/1P3ybx/wDG+zbEnhLwzen+5FqQRj+bV7lplzPc2FtLdRxwXTxqZYUkDqjkDcobuAcjPev5hZ9c1G6/1+oXU3/XSZm/maltfEusWJBt9VvrfHQxXDrj8jVKlbrcxq4lVLWgo+lz+oLYTyAT9KQ8HFfzS6H8dfiN4blD6V498SWLDp5OqzqB+G7FemeHP+CgX7QnheSM23xP1m5jj6RX5S6U+x8xSf1qvZsw9p5H9B2cHI/Svm39of8AYB+Ev7RMk+pX+jt4a8USAka/oQWCZ2/vSoBsl+rDd/tCvzr8Gf8ABYn40aFMo17TvDvie3AAKyWjWsh990bAf+O19B+Af+C1PhHUBBF4z+H+raPKeJLjR7pLqMe4R9h/U1PLJPQOaL3Nb9irSNV/Yw/aZ8T/ALPXibVBqWjeJrddd8NamUMaXMqqRIgUkhXZUYMoJ5gGD8wz+htfHv7b/wAPJ/jb8DPCvxk+HDv/AMJh4OWHxToVyiESz2hVZZIio5ztCvt9UK/xV71+zt8bdK/aH+D3h3x1pRVF1GAC6tg2Ta3S/LNEf91gceoKnvUvXUqLtocj+2D+yvon7Vnwtn0K68ux8S2Ia50PVyvzW0+PusRyYnwFZfow5UV+FOv+FfEOg+KLvwHqGlSWPjKK/XSZNPKbXM5YKAMddxIwRwQwI4Nf0mdK+Ff+Ch3wJuNC13wx+0b4J0m3vfGHgu6hutUsZIw6ahaRsGV2GOWjAIJ67ST1VacZJaSBxb2Prz4CfCux+Cfwc8I+CbCNY4tH0+KCRl/5aTY3TSc92kZ2/wCBV6DXyx8Q/wBv7wT4V/Zp8P8AxV0WCXxDeeJitpovh6Bv9Imvzw9u+ASvltkMQDnjaDuXPltj8Mf20/jFZxeINc+LGjfCdrgebB4b0zTlma3U8qkrbSdw7guxH6DdtLc50m9j75or88tb+Pf7XX7NF/B4X8VeCdN+NL6w32bQPEGixvF+/wAjC3KxoABt+bDKnQneQDjXsdP/AG/fELHU5dc+HfhgSLvXRpIlk2HP3GZUkP4iRqV0OzPvakIzXwto37dnxE+A/iSx8PftNfDseGbK7kENt438OBrjTJD6uoLlfU4bcBk7AK+2NB17TvE+jWeraRfQanpd5EJra8tZFkjmQjIZWHBBpk7GlRRRTAb7Vi6y1smo6c05cPvITb07dfxxW0fU1VuLGC6lieaNXeM7kJ7GuLF0pVqXJC17p6+TuaU5KMryLY6UtFFdpmFFFFABRRRQAUUUUAFFFFABRRRQAUUUUAFFFFABRRRQAUUUUAFFFFABRRRQAUUUUAFFFFABRRRQAUUUUAFFFFABXwh/wT6K/EP4u/tEfFOYmWbVfEx0q1kZeRBDkqFPpgoP+AivuLWbtrHSL65XloYJJAB6hSf6V8X/APBKCIP+yxcX7AeffeJNRmkbuTuQc/lUT2Lh8R9lV+av/BWj9miSaDT/AI3eHLUvc2CpY+IYoxy8GdsNwQOuCdhPoUPav0qrgvihFaeItOuPD+oW0d5pl3C0V5bSrlJkZSpVh6YJ/SuWU1TXMzup0XWkoI/K7/gkz46Xw/8AtRaroYkP2TxPokhUZ4aSIh1/Hbvr9jgcEEHkV+Jdv8J7/wDYm/bt+HF1I8j+DLrW4v7N1KUkL9lmfypI3bpuiEp3A9QAe9ftoww2PStG00pR2Zi4uEnCSs0XopBIvv3FfHn/AAU9/Zmufj/8Bjq2h2huvFfhJn1C0iRcvcW5UefCvckqqsB3KY719bLIYzkHFWIryN+C6hvTIrVTT0ZjKDWqP5ivhx4nXwb4z07UpQ3kRuUmAHOxgVb8gc/hX3d8P/DUXjFlvPNEmlqoYSxnIlyMgKfTHU12n/BQn/gmhf3Gs6j8Svg/pX26O7cz6t4Xs1HmLIxy01sg+8CeWjHIJyoIyB8f/DPxN8afgMWsW8E69NpDNufTtR0m4CA9yrbMqfpx7VxYuhKtG9N6nXha0acrVFofdljptrpkIitLeOBAMAIuD+J6muv+GXhay8aeP9F0fUolmsrmbEsb/wAaqpYr+OMV8mWf7Y8MMP8AxOvAHiPTJQPm8uLeuf8AgQQimW//AAUM0jwfq9nqmjeGNUk1GzlWWJb10iUsD0bBYkHoeO9fOU8HiFUi5QbV1fb/ADPeniqDptRklpofqR8Rv2Rfhz4+0N7O20O28O36KRBf6VEsToccblGA49QefcV4V4g/4KPeBv2anv8A4ceP9G1RfGHhe3jtDFo1sr2l6FQeW0bM67Ny7WIYYXcRk4rzGT/gtt4VHhTzY/hxq/8AwkhiwLVr2L7IJMdfMxu25/2c4/Ovk34T/s8fFP8A4KPfG/WPHOqxHRtC1G987VPEDwsttBGMKILYH/WMqqFCgkDGWI7/AF8YRTulY+Uc5NWep6r/AMEyfgW/xz/aW8QfGe80ZdM8J6JqE97Y2qr+6+3TMzRxJxgiJW3HA4OzpX7FyyiJevzHoK4r4UfC/wANfA/4f6R4M8JWK2Oj6ZEI0Xq0jHl5Hb+J2bLMfU9hgV1DMXOTyacpJaIcYN6sCckk9TSUUVgdIUUUUAFFFFABXmv7SPxG1/4TfBTxV4p8LeHrjxR4gsLXNnp1tGZGaRmCB2VeWVN25lHJCkCvSqOQcjiglq6P59fEf7Pf7Snx68VXfirW/AHjLX9X1I+bJf31hJGGB+6FLhVVQOAq4AHAAq9pX/BN39ovVSQvw2vLX0+13VvHn85K/f3J7k0la85n7Ndz8LNN/wCCUX7RGoruk8N6XYe11q8AP/jrNXRaZ/wR7+O14M3M/hewPpLqbOf/AB1DX7Y0Uudj9mj8dtM/4Iu/FC5iDXvjXwtYv/cUzy/qErptP/4IleInUG++KmlRN3W30mVx+bOv8q/WOilzyH7NH5k6f/wRK0UKhv8A4qXzN/EttpKAH6FpP6V01n/wRX+GsWw3PjzxTcYPzKkVsgb2+4SPzr9EKAM9KXM+4ciPhS0/4I5/BGAqZ9V8V3JH3gb2JA35R5FdBaf8ElP2e7aSJ30zX7nYwJWXV2Cvjsdqjg+2K+jfEnx++GPg6/ex134heGdKvUO17a61aFJEPoy7sg/UVo+F/i34F8byrH4e8ZaBrkjciPT9Thmc/wDAVcn9KfNIVomv4W8LaV4M8M6b4e0SxjsNF022S0tbOPJSOJV2qvOSRgdySa+GfC0q/sBftd3Phm6f7H8FPincG50uZ+INJ1PIDREnhVJYL2G1oz/A1ffpBA5BGelfkV/wWA+JMvi74zeGvAFtfFdP8O6a2oXcaN8q3M33Wb/aVFT8HPrRHV2CWiuj9c8H8RWB43ijm0KRJVWRHYIUcAq4OQVIPUEZ4r4m/wCCdf7a918Xvh9H4N8R3iXfjPw7AED3DESX9ovyrKG6sycK3f7rdzj6v1nxBcayUWRVjiQ7hGnPPqSetctWainF7np4bDznKM1ax+fXw/8A2Tbv4eft/wDhC1sS9z8Nra8m8Rabp8s2YrKZ4juVYyequkeGA+6iZPy1+p3avljxvdL4S+Mfw58USfLbfaW024Y8ACThSfpuY/8AAa+p84+lOlUlUjr0NMdhoUJRcFo1f53HA7VIyRn0NJXCfG/xrffD34X63r+mRxS31osflCdSUBaRVyQMZwG6V1PhvUX1nw9pV/JtElzaxTNs+7uZQxx7ZNa3V7HA6bUFU6N2+ehX8aeD9E+IHhfUfD/iLTLbWdGv4mhuLO7jDxupHoehHUEcg4IIr89vDHiPxH/wTW+I9vZ3Fxe69+zp4hvfK/fFpZvDly56g9dvcjo4BON6/N+kLcCvEfiJ4M0f4h6Fr3hvX7JNQ0bUlkt7iB+6knDKf4WU4ZWHIIBqJVHTafQ3w+HWIjKL36HuulapZ65plpqNhcx3ljdxLPBcwMGjljYBlZSOCCCCD71d618A/sOfEfWPgD8VtW/Zk8c373dtCH1DwTqtw3/H1aEszW4J7gBmC9isi9Aor79Fdyakro8qUXCTjLdDqKKKZIUUUUAFFFFABRRRQAUUUUAFFFFABRRRQAUUUUAFFFFABRRRQAUUUUAFFFFABRRRQAUUUUAFFFFABRRRQAUUUUAFFFFAFa/hN1Y3MIAJkjZMHvkEV8R/8Ep7k2fwK8W+G5QFuNB8W31q6Z5XO08jtyG/KvuWvg39ldl+D/7dPx/+GEwW3tddePxTpUZJ+dW+aTH/AH+/8cNRNXRUHZn2/XnHivJ165yfTH02ivRu9cT44sjFfR3Sr8kg2sfQjp+lefXTcT2sDJRra9UfGv8AwUg8P/2l+zbNrUUMcl54e1W01GF3GSo37Dj6hxn6V9keGfH/APwlXg7QtXtWVxqFhBdGbqCXjVjgfUmvnn9sTT4tT/Ze+JcUoBEejyzrkZwyYcH81rp/2RdRfV/2YPhjcyH520O3Q/8AAV2/+y1lGTVOy7ndVpRniLyXQ9ilvJ7g5eV2+p4/Ko8nOc1p2NtDbabPeToG3DZErDr7/wCfSq+k2A1C8ETEqgUliOwFHLLTuyo1IJSaVlEjt9SubVgY5WGOxORW5p/iFboiOc+W56Nnhv8ACucfakrKCSu4gE9xmp2sZFsluuPLZ9oHfNEZSWxNWlSmldWb2Z17W8Uq4aONwezKDmsjUfBPhzWFK3/h/Sr5T1FzZRSA/wDfSmnaBqBmUwSHLKMgnuPT8K2a64u6ujxKlNwk4s89vv2dvhbqeRdfDnwvNk5OdJhH8lFdvpOkWXh/TLfTdMs4NO0+3QRw2lpGscUajsqqAAKt0VdzPlQgOaOa8o+Kn7T3w8+EF5JYa5rJk1dFDHTLGJp5wDyNwHC5H94g4wa+efFf/BSeIF4/DfgyR1wQs+q3QTnsdkYPH/Aq554ilB2ctT2cLlGOxaUqVJ2fV6L8T7epM4618neEfF37RHxk0y31Xw7rHgXStMlAbzLVzdMmR91hzhh6HkVvN8Df2gdYlVtR+M9vYL/EunacB+WQKcajkrxi2vkKeXxoyca1aMWt1du33I+k8j1FGR6186f8MsfEq65u/jz4gJPXybZVH/oVB/ZM8dpynx38T7uvMQx/6HTvU/kf3oz+r4Rb4lfdL/I+i8+nNH4V83yfs0/GCxdX0347ak+P4b6zDqfw3U1vAf7Tvh+QNZeO/DfiGJR/qr+yMRb8l/rRzzW8H/XzH9UoS+DERfrzL80fSXTtQMn2r5oPxd/aB8EBT4n+FFp4htlzvn8P3mXIHfZlv5Vp+Gv23fAl9ejT/E1rq/gbUgQGh1uzZEDEdN4Bx+IFL20E7PT1VgeWYmzlTSmv7rUvwWv4H0LQRms7Q/EGmeJdPjvtK1C11OykGUuLSZZUb/gSkitGtk77HmNOLs9GFFFFAB1pCcCmTzLbxu7kBVGSa5i+1qa6YqjGOPoFU4J+prOU1E3pUZVn7ux0U+o29vkPKoPpnJr5C/4KV/FTW/CvwP0PTPD2tT+HLbxJ4gttH1bW7fKvaWbq5chhgjdt5IIO1WHevooc81xXxk+E2ifHH4a634M8QITYalFtWZADJbyqd0cq5/iVgD78joayjWakrrQ7ZYFcrs9TkPBH/BNr9nvwpodvayeCYvE85RS+p6vdyzS3BIGX+V1UbuuFAHNUfFv/AATA/Z78UKXtfCl34augPkudF1KaJkPZgrMy5+qmvPv2Xf2l9a+AXiez/Z/+O9wLDUbQC38LeL52ItNUtQdsUbSNwCBhVZj6K2GALfeGcV2Xe6Z5HKlo1qj4bP7Hfx++B4Nx8F/jveazYRZKeG/HC/aImHGFEhDAceip9RX54ftH+BPimvx01LxB8eNBvvB9v4j1CM6jrVnZtcWccC7VCwMrOpAVVAXcTwMjqK/fKqmq6XY65p09hqVnBqNhOpSa1uolljkB6hlYEEfUUlJ9Q5bO6Pyt8YfC3QfEfhLwz8Qv2e9X0+HxP4KgVbI6fKpF3boCWhnBwd5yx+fG7cynqCPq/wDZt+OVt+0N8KbDxbFp8mk3TSvaXtm53LHcR4D7W7qcgrnnBweleefGr/gm38ONX8WXV94P1HVfhu94m29ttAlxbTxtwyeWxwoPPAO3n7teyfD34e+F/gZ8PbXw/wCH7ZdL0DS4mkZnbLucbnlkb+Jmxkn8B2FefVcbWvdpn0eGU5SU1FJNfe+mhm/HrTINS+GepNJPHbT2rJc20kjBf3inIUE9yM4FX/DX7THiXxhoOmweFPAN/r2qJbxrd3s7eTarKFAbDdxkZ5IrL+Fvw+f9oDWZPGfiuORvCdvK0ej6OxKxzYODK4HUZ/M5HQc/TllZW+nWkdtawxW1vGoVIoVCqoHYKOBV0YSte9rlY3EUYWoyjzOPnou68z5f+LHir4tX3w712z8UeA7MaNdW5V59Oud72uCGV2UM2QpAJ4A9xXr37OniiLxX8HfDdwsgeW2thZTAHlXj+Tn6gA/jXo08cU0LxzqHhdSHV+hUjBB9sZr4l+B3xB8T/DFtfudF8Nz+JPCNxqMqCG3fEkUikgMuAeCpUHjBwOlaSfs5JyejMacfr2HlCnFJxaats76W1Z9k+J/ENp4T0HUNXvpVhtLOJpXZj6DgfUnAA96+a/gSdQ1XRdZ8R6hJLnW9QkuoYpWJ2RjIGM9B1H0UVD4hl8b/ALQF7bxeILFvCXg2GRZW04OTcXRHTceD+YAHoTzXplpZwWFrDa20SwW8KCOONBhVUDAArmq1FN6bHdhcP9VptSfvPe2tkv1Pm/8Abo+G2oaz8O7D4j+FWa08dfD25XWtPu4R87QowaaPjkqAofb/ALDD+I5+xfgN8WLD45/CDwr4607asGs2KTvEpz5Mo+WWM+6urL+FcXcWcGo201pcoJba4RoZUYZDIw2sCPcE14V/wS2vrnwto3xc+FN0+5fBfimZLRGJLJBMWwPpuiZvq5rswk7xcX0PCzOkoyVRddGfdVFJS13nihRRRQAUUUUAFFFFABRRRQAUUUUAFFFFABRRRQAUUUUAFFFFABRRRQAUUUUAFFFFABRRRQAUUUUAZOoT3Ud/ZJCF8l2Ik3HnHtWp1rB8Q8arpJB/5aEfyrezXl4ao5Vq0ddGt/NLY3qRShB9/wDMdRRRXqGAUUUUAFfDH/BQLw7qfwf+IXw3/aW8OWj3E3hK5XTfEMEI+afTZWIy2OoUu657GRT24+56x/FPhnTPGfhzU9B1qzj1DStSt3tbq1mXKyxuCrKfwPXqOtG4bGb4T8U6X448M6V4h0S7S+0jU7aO7tbmM5WSJxuU/XnkdiDV3UbCPU7R4JRlW6EdQexFfA3wx8bap/wTm+KT/Cj4hXFxd/BbX7ppvCXiyYF0012bLW07D7qgnn0PzD5Wbb9/W11DeW0Vxbyx3FvKoeOaJg6OpGQysOCCDwRXLKPR7HTCb0a3R8lftzs/g79mH4kNd8JNpjWscn8LtIyouPf5uldb+yxo50D9m74aWLDa0eg2jMMdC0Yc/wDoVcB/wVf1d7f9lddIiBaXXdfsLBQOpwzSYH12CvoLQNITQPD+l6bGnlJZWsVuqYxtCoqgfpXLOChFJdWe3h6zrVG5bpJGvc30t1DBExAjhGAFH61oaNi30+/ujwQmxfqf/wBYrGzgZqUXEiwGEMRGxyV7E+tZKVpXZ1VKSlHkjor/AK6kR6VsTMD4ahGcnzj/AFrIpSx2hSTtzkDPGfWlGVr+ZVSnzuPk7l3RWI1OLHfOfpiutrC8P6cy5uZAVyMID6etbg6V1Uk1HU8fFTUqmnTQOprzP9or4tJ8GvhXq+vLtbUdotrCJxkPcPkLkdwOWP8Au16bmvgP/go/42e88W+GPCcT/uLO2bUJk7F3Yoh/AK3/AH1WeIqOlSclud2TYNY/HQoy23fov6sfIGpajdavqNzfX1xJdXt1IZZ7iU7mkcnLFj6k1Xoor5bc/e4xUVyxNzwj431/wDqi6l4b1i80W9GMy2kpXePRl6MPZga+mfAH/BRnxpoCR2/ifSLLxNCoAM8J+yzkepwCpP4Cvkqit6depS+CVjzcXlmDxy/2imm+/X71qfpd4X/4KI/DTWFUapBq2hSk4ImtvNQe+5CePwr0jS/2tvhFq4/0fxzpqnri4LRH/wAeAr8iaCAeoFd8cyqr4kmfL1eDsBN3hKUfmmvxR+x5/aJ+GQXd/wAJ3oO3/r+j/wAawNZ/a++EWhKTP41sZm7Lah5yf++FNfkd5a+g/KlwB0FW8zqdIr8TnjwXhU/eqya+X+R+hPj/AP4KR+G9Ogkh8IaDe61dYIW4v8W8IOeuMlmH5V8a/Fz45eLfjbqyXniW/WSGAsbayt4xHBb567V6k4GNzEmuAorhrYqrWVpPTsfT4DI8Dlr5qMPe7vV/8D5HQ+CPiJ4l+HGprqHhnWrzR7oEFvs8hEb+zoflYexBr9Hf2Rv2lLj48aDqVlrkdvb+J9KKmVbcFUuIW4WRVJODkEMBxnGMZxX5g16x+y38Q3+Gnxx8Nag0pjsryYaddjPDRTELk/7r7G/4DVYWvKnNK+jOTPcqpY3DSnGC9pFXT66a2+Z+tdFA6decUV9KfiJieJpykUUQP3zlvoKy9N0/7e02X2CJC5bGa0PE8f7y3fHABGf1qjY36WtneR4JkmXapA4xzn+dcjs5+9sevS5lQXJu/wDMrWkS3FzFGxKh2AyOoyaku7f7BfyR48xY3GA3cdeahhk8uaNx/Cwb8jV/xEySam8iMGVlBypz2qFblv1udLcvaqPRpnC/Hv8AZ+8F/tEeBJdK8R6Ut7Ytlo5Y8JcWEuMeZE+MqemR90jqCK+UdA+Kvxi/YDni0fx7Be/Ff4Jo4jtPEtmpfUdIi6KswJ5VR/Cxxx8rj7tfcGnajJp8jOmHRhhkboapXEMd1FLFNFHLDICrxOoZGB6qQeCMdjWyq21XzX+RyywvPeMumz/zH/C744+BPjP4Yj17wb4lsNc05gCxil2ywkj7ssZwyN7MBXQ33ivT7SIkS+fJ2SPnJ9z0Ffll+2F8Ek+DH7RXwyu/g1dv8ONZ8YSTwXEmnyOlsJ1ZNpMQyoQ7zuUAr3213Gkftl/Ef4KyJpvx0+H889gh2Dxd4ZUSW7j+86D5QfXBU/7FXJtpcnX7zlp0YKTVW+j6bH21qV/JqV5JcSYDOeAOijoBXlXxsu7rWo9B8EaYxGoeI7tYXK9UgVgXY+3r7KaPhz+0z8LviyIE8M+NtKu7uZdy2M0wt7keoMUm1s/QfTNeteEfBmkah41g8Q3VsX1fT7cxW8pY4RWJDfL0JwTz7muJQbmlLqe+q8KVP2kNUlpbud94d0G08MaHYaTYRiKzsoVgiUD+EDGfqep9ya0qKQnFelsfKNtu73PGP2nfi/D8OfBsmmWkyrr+sxtBbrnHkxnh5W9AASB7n2NYXwy8O2nhbwLpNhYzx3cQhErXMTBlldvmZge4ycfQCvZ9f8C+HvFFx9o1bRrLUZxA1sJbiEMyxt95QT0H05Havl/Q45fgt8Sv+EVaZ5vCesyu2mSStn7PLn/V59DwPfKn1rirp3TZ9Ll0oTpOnBNSWr8/T0PYaKMYorkOsBkkAd6+eP2CoXvP2tv2pdSgO6w/tW1t9y/dMqtNu/Hg17Z428Zad8O/B2teJ9WlEGnaRaSXkznnhFyAB3JOFA7kgV5v/wAEsPBN9YfAnXPH2sQvBq3j7XbnWmD5yYAxSPr2LCVge4YV6GEi7uR4eaTXLGHW9z7SFLRRXpnzwUUUUAFFFFABRRRQAUUUUAFFFFABRRRQAUUUUAFFFFABRRRQAUUUUAFFFFABRRRQAUUUUANOAKM89KM5+lVNRvk0+0ed+ij8z2FZVJxpQc5OyW44pyait2ct4nv2GtRlT/x74x9ep/pXXW8y3EMci8qygj8a81mla4meVzl3JLH3NdZ4S1QSw/ZJG+ePlM919Pwr4HJs0VTH1YzdlN3Xy2/A9vF4bloQa6bnTUUUV+hnhhRRRQAUUUUAcd8UvhX4W+NHgzUPCnjDSINZ0S+Xa8EwwUYfddGHKOp5DAgj86+KovhV+0R+w1LIvw0L/Gn4SoxZPDF/IRqenpnO2FhywHP3AQf7g61+g1ITSaT0Y02tj8jP20f24vBfx8+G3hHRI9K1zwl4y0XxTaajeaBrtmY2VE3qxEg4OCw4IU4zxxX6nC0tdcsLa6GMSxJIskZ7MoI+vWvKv2zP2fdN+P8A8BvF+kDRrO98Tpp8kukXkkCtPHcR/OiI+MruKlcZx83NYX7B3xlj+Nf7M/hS/klzrWjwjRdVgbh4riABfmXqNybGGf73saynBWsbUqkou6dmewz+HJ1OUdHHYHINQf2Deg48tf8AvsV1QzS1yeyiemsXVStozmI/Dt0x+dkQfXJrTs9At4GDSEyuORuHyj8K1Ac0GmqcVqZzxNWejdvQQDAwKWiitTmEJxX5Uftma22t/tH+Lm3FktHhs0BOdoSFcj/vovX6rtytfkd+1AjJ+0J49Dj5jqbn8CqkfpXm5h/DS8z7rhCKeNm30i/zR5dRRRXz5+uBRRRQAUUUUAFFFFABRRRQAUoleFhIhKuhDKynBBHIIpKa33T9KES1dM/ab4f68fFPgbw/rBIzf6fb3LY9XjVj+pIreAxmvOP2cWkPwH8CGX7/APZMHX028fpivR+or6+DvBN9j+csRBQrTguja+5lfULJb63aMnBPIb0PrXI3NvJayGOVdrD8j7iu3HFRT2sV0m2VAw9x0qZw5tVuaUMQ6Oj1RxNGRXRy+GoSco7p7daiXwwAebg49lFYOlLseksXSauYHINSQQSXUgSNS7H0HSuih8OW6HLM0nsTgfpWlDBHbR7Y0CL6KKpUm9zGpjYpe4rs+BP+CjmmQ6F4+/Zv1J8m5XxRJEzD+6WgJFepXEayLJFIiyRtlWR1DKw9CDwRXln/AAUu1mzuvi/+z3oFxPDb+XrEuqSyzyLGkcaGMEszEAD5TyfSsb4g/tj/AAy8EyNbWutf8JZrLkrDpfh9TcySOeg3j5QfxJ9jSrQb5VBdCsFWjGM51ZJXZF8Yf2Vfhb4v8Navf3Ggad4c1KKCW4TWLEiz8mQKSryFcKyhgCdw9eRXbf8ABNL4wnxf8ANJju7t73UvD11LpN40khdzHnfE2SSSNjgA/wCwR2rhfBn7M3xe/bQ1Gz1L4oQ3Hwv+E6SLNH4ZgcrqGpKOV83PKqeOWAxn5Vz8wm8R+EdN/YK/bBs1sLRNG+DvxKto7SHaW+z6bqEQCqGJPAJOck9JmP8AAa2VKoqd5PVanNLE0Z11GKsmmm+9z9F7a5juoVkicPGwyGU5BqWvKrW/ubBiYJ3hJ67W4P4dKtyeJtTlQq12wBGMqoU/mBWSrq2qNHl80/dasdj4h1+PSrdo0cNdMMKg7e59K+Z/2iraSfwto8tvFJJfx6tAYGjUllYk56ev88V6qzl2LMSzHkknJNNIDcYB5yM1zTm5u7PWwlNYWzWr6h82Pm698etLQBnpXmHxg/aW+HHwKtnbxb4ltrW+Clk0u2Pn3knpiJeVzkcttHvURi5OyRpOcYrmk7IP2nfCLeOv2efiHoqKXmn0aeSFR1MkS+agH1ZAPxqf9kX9ozwP4S/Yf+GniTxj4n0zw5Y2mmf2c8l9MsZeS3doSqIPmdvkB2qCeelfNep/tHfG/wDaIiktPhb4MTwB4UuQY28S+J1DTyRtwTHGQV5B/hV/94daofCj9gfwN4IitbjxRPP431GDJSO7zHZREnLBIQeQSSfmJHtXuYTDVVF8ysmfn+c53gac1aV2tLI+3fgB+218K/2lPEuqeHvBWsXMur6fF9oNtf2rW7TwhgDJEG+8ASuehG4HGK98xmvyt+O/kfs//Gf4O/GHRLWLTbLSdTTRNXis41iQ2UuRgquBgI0oHvt9BX6nQzRzxpJE4kjdQyspyCD0INdNSDhKzObB4qOMoqtFWv07E1FFFZncFFFFABRRRQAUUUUAFFFFABRRRQAUUUUAFFFFABRRRQAUUUUAFFFFABRRRQAUUUUAYh1W5+3zW62TmNAcPnhjjI/OuZ12+vLudVuozAoGVjwcD39677GD1rO1rSl1O0aPAEqjKN3Br5jM8vxGKw8oxqtvV22TXY78NXhTqJuK7X/U8/HSnQO8MqPExWQHgr1zTShjYqwwwOCPQiuk8JaUsjG8lXIHEYI79zX5pl+Dq4vEqjT0fV9rH0VerGlTcpar8zQt7rWWspGa2j80AbMnGfXIz1/Kte0aWS2jadQkxUFlU5ANT/zor9kw+GlQtzVHLS2p8lOanskvQdRSUtdxmFFFIWwM0AJ196KzLLXrS+umgiYmQZxkcHHXFaec1z0q1OsualJNbaFSjKDtJWFAxX56fEaO7/4J8ftRXXxCtraZ/gf8SLlY9eht1LLo+okkicKOisWZh6hnXqqg/oZXOePfAmhfE3wjqnhjxLp0WraJqULQXNrOuVZT3B6gg4II5BAI6Vva6sxJ2dybS9Ustb0y11HTrqK+sLqJZre5gcOksbDKsrDggg5zVrOK/PjStd8c/wDBMrxOmh+Jl1Dxr+znqF1t07Wo0Mt14eZ24jkA/hyenAbquGyp+7vB/jLQviD4cstf8Nataa5ot6okt76ylDxuv1HQjupwQeCBXO4tHRGSZs0UUVJoFFFFACYyD71+X37dPhZ/Dn7QmrXOzZBq1tBfRkdGJURt+O5D+Yr9QulfK37fnwim8afDy08V6bAZtR8OlmnVBlntHxvPvtIVvpurjxdN1KTt01Pp+HMXHCY+PM7KSa+/b8T85aKByM1teH/Cl74hbdEBDbA4M7j5fovqa+ZP3CKcnZGL9TV2y0W/1Dm3tJZR6hTj8+leoaR4K0zSApEIuZx1lmG7n2HQVugbQAOAOwqHLsdMaD+0zymH4fazKAWijiB/vyD+lWf+FaarjPmW303H/CvTqKV2aexieUT/AA+1mEEiKOUD+5IP61jXuk3unHFzayw+7Kcfn0r3CmuiyKVcK6nqGGRRdidBPZng1Feo654AsdSVpbQLZXPX5fuMfcdvwrznU9LudIumt7qIxyDp6MPUHuKtO5zzpyjuVKURvKQiAs7EKqjqSeABSV7D+yd8MpPij8bdCtWiL6Zpki6netjKhI2DIp/3n2j8/Q1rTi5yUV1ODFV44WhOtPZJs/UH4eeHz4V8B+HdHYDdYadb2zf7yxqp/UGuh60Z5/WjvX1sVZWR/Okpc8nJ7vUKKKKYgooooAKXHNJXx1+2V+0ZrOsa1B+z98Hn/tP4o+JlNtf3ds/7vQ7Nh+9kkcfdcqT7qpz94qC0m3ZEylZXPMtB+Gfhv/goV+2J8Q/EHiS1m1n4V+B7VPD+neVO8cd3eB9zsrIQSMhydpwQU7MK+1Phf+zH8Kvgw4m8GeA9G0O66fbIrcSXP/f59z/+PYo/Zw+A+h/s3fCHQ/A2h/vI7NPMu7wjD3d02DLM3ux4A7KFHavUa6UrKxyt3ExXnHx++BXhj9o34Zap4J8VW5eyuwHhuosedZzrnZNGT0ZST7EFgeCa9IopiPzMtfiB8ZP2IRH4Y+LHhfUfiF8PLTEWm+OtBQzSxQDhVuFPQqvZyCMYDOOa9T8Ffts/BTx75KWHjywsrmUjFtqwazcE9v3gCk/RjX21JGsqMjKrIwIKsMgg9eK+A/8Agope/s1eE/COseGvEPhbTLj4naxZEaXH4b0uI6pBK2fJmdwF2pvAyGOWGQFNcs8NCbvselSzCrSjZ6pdz6RTEoUod4YAqV5BHqMda8N+NP7Znwz+CUsmnXurN4g8SqdqaDoYFxcF+yuR8sZ9mOfY18i+FND/AGgvjD4A8N+HPFviu48B+EdNs47XyLEtHqV/GoAUzYbP3QB85A45UnmvWvhr8B/BXwoQPoeko+on/Wape/vrpyep3n7ueuFAFOll7k7zdkcGO4po0Fy0VeX4L5mXceNv2iv2nVlFi0HwU8ESkqXQtJqk6H34YEg9vLHuetdj8Lv2R/h78MrkakdPk8T+I2bzJNa15hcTNJ1LKrfKpz3wW967/wAK3fl3UkBPEi7l/wB4f/Wrqa9yjh6VJe6j8vzLOsbjZNVJtR7LRAc8D0GAPQUUUV1Hzm55V+1J4G/4WF8AvGWkrF5twlkb23UDJ82EiQY9ztK/8CNfUH7FHxMPxb/Za+HXiKSUTXh0tLK7bPPnwEwOT6EtHu+jCvMpYUuIpIpUDxSKyOp/iUggj8ia8i/YB+Jbfs5fE/X/ANnXxiVtYNRvZNW8Jamx2w3ayAboBnoxCAqM/eDr1K54MVHaSPuuHMQrToSeu6/U/R2iiiuE+2CiiigAooooAKKKKACiiigAooooAKKKKACiiigAooooAKKKKACiiigAooooAKKKKACiiigDhPFFkYdXJReJ/mA9+h/X+ddfYWws7KGEfwLj6nvWV4ijVtR0oNzmXBB79K3l6CvmcuwcKGNxFSPVr8dWd9erKdGnF9v+APooor6Y4AooooAKaRkEHoeKdSHoaT2A57SNCgsdTnlWXzChIVMfcyM8/hXQHmuU8LXBk1e/DEkvlifocf1rqxXh5Q6UsNejHlTb0+Z14pSjUtN3dl+Q6iiivdOQztc0PT/EukXmlatY2+paZeRNDc2d3EskUyEYKsrAgg+hr4Z8Yfsb/Ej9mLxJfeNv2YNbYaXPIbjUfhvq0pezuO5EBY4BxkAEhhxhyMLX3vRSeoXsfIfwP/4KDeCPiJrI8I+O7S4+FXxEhcQz6H4iBhjkk6YilYAHJ6B9pPbPWvqdWDorKQykAgg5BB6EHvXBfG79mr4c/tEaL/Z/jrwzaasyqVhv1Xy7u3945lwy/TJHqDXy2f2Yf2i/2XWaX4I/EJfH/hGI7l8G+MWDPGnXZFKSB04GCnQcGs3Dsaqdtz7iBzS18YeGf+ClWi+GdUh0D44eBfEPwg18kIZry1e4sXOOSrqu7b7hWHvX1Z4G+JHhT4m6THqfhPxHpniOwcZE2m3STAfUKcqfYgGsmmtzVSTOjqO5gjuYJIZUWWKRSjxuuVYEYII7gg4qTvg0Utyz80P2ov2XJPg54p/4SDTbae78A3k29vJBZrAseYm/2c9G9OOo553TprWeyiayMbW20BPL+6B6Y7V+pF/YW2p2U9nd28d1aToY5YZkDo6nggqeCDXyF8V/2FZbe8uNa+FuoppckhLyaFesTbsfSN+dv+62R6EV4eJwUr81Pbt/kfquRcU04xWHxzs1opf5/wCZ8+0VV8Taf4u+HVw1v4x8JalpTKcG5jiMkDdsq65Uj6Gs628Z6Nd/cv41PTbJlTn8a8eUJRdmrH6dSxNGvFSpTUk+qZt0VXi1C1nx5dzE+em1wan3r/eX8xWZ0C0Um5R1dR+IqtPqtla/627gjx/ekGf50BtuWqzde0G31+xa3mAVxzHKByjf4e1UrjxzpETiOKdryc/ditkLsx+ld74H+B3xS+LMkY0vQW8L6Q5G7VdZBiO31VCNxP0GPetYU6lR2irnBisbhcLBzr1El6nz1a+GNU1DxDFoVlYy3mrTSiCK1t1LNIxPG0eh659Oa/Uf9lv4Aw/AjwF9nujHP4k1IrcalcR8hWA+WJT3VQSM9yWPpU3wJ/Zk8L/BC3a7g3az4lnXFzrV4o8w56rGvIjU+gOT3Jr2HqtfRYTC+y96fxfkfi2f59/aL9hh7qmnq3u+3yFooor0T4wKKKwvGXjzw38O9Ik1PxPr2neH9PjUs1xqNysK49txBP0FAm7G5n2qtqmqWWiafcahqN3BYWFuhkmurqQRxxKOrMzEBR9TXxz4v/4KR6Z4l1mXwz8CfA2tfF/xLkoLi1geHT4j/eeQjJXvn5V/2hWZpX7GHxc/ab1CDW/2lvHLwaGriaD4feFpfJtU9FmdeCRx0Lt/tirjBvczc0thfib+2P4w/aC8T3fwx/ZesG1e+yYtV+IE6FdP0xDwWiYjDNjoxBz/AAq3Ue8fspfsi+HP2YvD91JHcSeJPG+rnzdb8T3wJuLuQncVUkkrGGJIXJJPLEnp6v4A+HHhj4VeGLbw74R0Oz0DRrYfu7SyiCLnuzHqzHuzEk9zXTVsklsYNt7hRRRVCCiivJP2pvjvafs2/A/xJ47uIEvLixjWKxs5GKrcXUjBIkJHO3cdzY52q1AHrJNflx43P9p/8FGPjLLeIlxLY6bp0dpJKgZoFNvASEJGRnc3Trk0mm+Gv2k/jJo1tr/i3476n4POqxLcjRPD1t5K2qOAyoWR0IIBGeWI6ZJqX4bfAeH4T+INb1e98Qav4q8S6uqLeavrM5llkVemCck9ByxJ4A7V1U6Uk02tD5jH5nhp0Z0YSvJ6aevc9COc55orkZfCWtwSvJZeJbhcsSEuF3ge2ef5U37P43tD8lzp98o/vLsJ/QV138j423mdpbzPbTJKhwyEMK7Ww1ODUIwY3Ak/ijJ+YH+teL/274ttuJvD8M4HeCbGf1NA8dalbkGfw1fxEd4st+uKpSSMZ0uc90orx2z+NbWh2zadqJA6rJDuI/Ec1s23x58PkYure/tT6m3LCrU13OZ0ZLpc9JzzivJv2jfglH8ZvBSrYyfYPF+jv9u0PU4mKSQXC4YJuHIVioHswVu1d94X8YaV4ytZbnSpmmSJgjh0KFSRkcGtvkHIptKas9go1amHqKpB2aOv/YV/aWk/aS+DEF3rIWDxtoM39leILYfKRcIMLNt7CRRux0DBwPu19HDmvz1/YExp37Y/7SOm2RCac32K5aJRhRMS5Y4HHV3r9CeteNJWk0fsNGp7WlGpa10n946iiipNwooooAKKKKACiiigAooooAKKKKACiiigAooooAKKKKACiiigAooooAKKKKACiiigDC1+6S2udPDQiUmXgnqvbj862hTZIxJjIBwcjNPPSuSlRlCpObldO2ltreZcpJxStsOooorrICiiigAqN2CISTjAyafnmsfxNeC00uXBw8g2D8ev6ZrkxNaNCjOrLZJl04uclFdTnvDNyo15sfdl3gE+mcj+Vdxjn2rzG2nNpcRTL1Rg35V6VDMs8SSKcqwDA+xr5XhnEqrRnS6p3+TPTzGnyzjJbNW+4mooor7U8kKKKKACiiigDG8T+ENC8baVLpniHRrDXNOlBV7TUbZJ42B65VgRXyf46/4JgfDK/wBWfW/h5qevfCbxATvW48N3riDcMkZiYnAz2VlHoK+yaKAPhAeBv20/gYyjQ/E/hz406JDjFtrKC2vSoHTcSuT77mNEH/BR/V/h64tPjN8DfGngSZFHm6hZW5vLLJOMhiEwPozGvu7IqOaGO5jaOVFljIwUcAg/UGpcUylJo+bPBH/BQL9n/wAfNAlj8StMsLiY4EGsq9iwPoTKqqP++q900TxDpPiayW80fVLLV7RsFbiwuEnjOenzKSP1rhfiP+yT8HvizJ53ij4e6HqFyFKi5S2EEwB6/PHtb9a+FfC/gDTP2WP+ChOu+DPh2t54f8Nah4US8FiLuSZGkypyTIzE4ZWxknGSBgGsZpRi5djejepNQXU/TGWCO4jKTRpKh6q6hgfqDxXCeIvgB8OvFRY6n4M0ed2JZpFtVjck9yyYP615/b/FfxLFjdfJMB2khU5/EAGr8Xxo11B80FlJ7mJgf0auF1qctJI9qGFxVF3pys/JtGTrP7B/wk1WRnh0q/0pj/z5X7hR9A26sV/+Cefw1MQC6h4hRgPv/bgc/htruk+N+qAYbT7Rj7Fh/Wnf8Lw1D/oGW3/fxqzaw7+yvuO6OKzaGiqy+888tf8Agnd8PYbgSS6z4huYwf8AVNcoAR6EhM12uh/sU/CLRXWQ+GP7RkA+9f3UsoPuV3Bf0q6fjhqRHGm2v/fbU1vjfqp6WFov1LH+tEfq62S+4c8Tm1VWlVf32/I77wt8LvCHgsKNC8NaXpZX7r21oisPxxn9a6gL82a8Sf41a6/3beyX/tmx/wDZq+XL3xn8d/2nv2pfGfw28KfFcfDbQPDmnW96zafp6tLIHEYYbhht26Q87gAAOK6qcozdoni4qlWpx9pVd7+d2fonsY8hT+VZGueLdC8L27z6zrWn6TCi7mkvrqOFVHqSzDivkmf/AIJyeJfEUUSeKv2lfiVrAVSrJaXX2ZTnkjBZ+PrmtDQv+CUXwQtZ4bjxAfEvjK5QYLazrDlWOeuIwh/XFdSp+Z5vtDufHH7fXwC8ArML74k6TfzxZBt9ILXrkjt+6BH615Rcf8FJbnx1K9p8H/gv4z+IFweI7ua2NpankDJcBiBz3x719GeC/wBkT4L/AA8dJNA+GnhyzmXlZ5LFZ5AcYzuk3H9a9YtbWCygWG3hjghUYWONQqgewHFUoIhzbPhgaP8Atu/HAEXWpeEvgho0w+ZbVBeX4U54B+fDdP4kPcGt/wAH/wDBMHwLLq6a78U/E/iL4va9uEjSa7eOttnuBErEkexYj2r7Qoq0ktiW2zB8H+B/D3w/0aLSfDWiWGg6bGAFtdOt1hQY7kKBk+55reoopiCiiigAooooAbjgivgr/gqXft4mvPgh8NY5cr4h8UC6uYcZDRQhV5Hp++b8q+9RX50ftTavD48/4KMfDbQ7eaO5h8JeHLi/uFRw3lTSmUbWx0IHknB55FXBXkkcmKqeyw859kz1tgqnCKFReFX0A6Cqep6ZFqcOx/ldfuuOoP8AhVyivaPxu7TujjJfD99E5AhMn+0jAg06Lw3fSdY1jB7sw/pXY0VPKjb20jnIPCROPOuAPUIv9TWhb+HbKDko0p9XbP6CtOinZEOpJ9RkUMcC4jjVAOyqBQ9vFJ9+KN/95QafRTM7sjit4rcERRJECckRqFBP4VKq72UepApKranqEek6beX8rBIrWF52Y9lVSxP5CjYqKblZHEf8E07dNf8Ai/8AtI+LQuRceIItPjfHURmYkfhlfzr78HSvib/gkpocsP7NGqeJ7hMXPijxLfaiWxyyqUi/9Cjf86+2R1rw5O7bP2ilDkpxh2SQ6iiikbBRRRQAUUUUAFFFFABRRRQAUUUUAFFFFABRRRQAUUUUAFFFFABRRRQAUUUUAFFFFABRRRQAUUUUANx60HimuwVSScADOaxYfFVncNIBvAjUtlhwwHXHP865K2Jo4dpVZJN7FxpznflV7G5nFcH4n1T7ffbIzmKLIBHc9z/T8Ktap4ra7hMVujRBshmY849BjpXP4Civz/Ps5hiYLD4d3XV9/I93BYSVN+0qLXogxmur8JaqHj+xSH5lyYye47j8P5VyvaiORoZBIjFHUghgcEGvmMux0svrqtHVbNd0ejiKKrwcX8j1Enikz1rA0PxL9vIhljYTAEl0GVIHc+lGneKl1DUVtxAVR8hWJ5yPUV+s082wlSMJKXx6JWe58u8NVTaa23OhpaKK9k5gooooAKKKKACiioZp47eJ5ZXWONQWZ3O0ADqST0FAEh71+dX7R6fYP+CmvhGQcfbfBLoT64e4/wDia/QOy8R6TqWmy6jaanZ3VhFu8y7hnV4k2jLbmBwMDrk8V+amu/Eey/al/bni8c+CoJJ/BXgjR5NDm11x+51CctK37n1XMpwe6pu4DCsazSpyv2OvCJuvG3c9/ooorwD7gKKKKACiiq+oX9rpFnJd39zDZWkY3PcXMixog9SzEACgV7FivnT4cfGzwz+y5+3H8RPEHxHa90Pw/wCJ9Gt4NN1UWjy27MixsVJUE/wMvAODjOAc034iftv+DtBvG0bwTa3PxE8SsSsdtpSN9nVumWlxyAeu0H6jrXk9x8OPG3x31218QfGDUUTTrVzLY+ErBttvBn/noQeTjg8lj0LAcV6mEoVOa9tD5XOMxwtKnyyld3uktTt9T/ao/aD+PfjTVvHvw+8Wf8ID4Ogn8nQdDvbZHjvYUJBkmBVssx6nkAnaMBcn1HwV/wAFOPG3w6eGx+N3wyn+yqQjeJfCh82E9izQsSB68OPZa562tobO3igt4kggiUJHFGoVFUDAVQOAAKv6Fpx8Sa0ukW7xm4dS8iuchY/4mYdxz0969x0klqz87p5rWnVsoppvRdT6V0f/AIKQfs66xp8N1/wsuxsvMQMbe8triKVCezKY+o9ia0U/4KE/s6yHA+KujZ/2lmH80rxa2/Zs+F8W6S48B6Be3UmDNc3Gnxs8h/vHI4/CvS/hf+x38JdWSXU9R+GXheW1GUhjk0uIq5/ibBXkDoPfPpXFdXsj61RfKm9Gddbft3fs/XYGz4teGV/663ez/wBCArbsf2vfghqOPs/xa8GtnoG1u3Q/kXFUbj9ij4C3QIf4ReEBnqU0qJD+agVj33/BP79ni/UiT4UaEoP/ADwWSI/mriqEemaZ8cvhzrKg2Pj7wxeA9PI1i3fP5PW/B4x0C7UNBrmmzKehju42B/Jq+btR/wCCYP7NmoA/8W6W1Y/xW2q3qY/DziP0rnLz/gkl+zxcPug0bXLE/wDTvrMv/s26gD6vvvG/h3SraS4vdf0y0t4xl5Z7yNFUepJYAV4l47/4KDfs/fD0SrffEnS9SuI8/wCj6Lvv3JHYGFWUH6sK+RtZ/YC+AMHjfU4NF/tfWLTTZBa3FtNqbMiTAfMGZVViQeOGxwa9G8Kfs/fDbwQEOjeCNFtZUAAne1WaT8Wk3E/nXVGg5q9z5nE59Qw85U0m2nbsvvNDVf8Agq94b1iZ7f4d/C3xv47nx8kqWYt4SfdhvYD3K1y2o/taftafEIMnhn4YeGfh9auQVuddujczIPXG5R+cderxIsEQiiRYohwERQqgewHAp1bxw0VuzxavEdaX8KCXrr/kfPurfCn4/wDxV3j4jfH3U7WwmOZNL8KR/ZIyD1Xenlgj2ZWFb/gL4I/D/wDZn06/17TrS+ub+ZVhu9XvJGuLmRWYcdgqkgE4Azgda9jqtqdjFqenXVnPGssU8ZRkPRgRW6pRjqlqeLXzPE4r3asnbqloh9pdw39pDc20izW8yh45FOQykcEVNXj3gTxBL8PtbHhrVJSdHunLWF054jYnlGPYE/kee9ew1cXzI82pBwfkFFFFUZhRRRQAUUUUAFeU/tU+Kl8Hfs8+OdQ8wRySae1nGT3eYiID64Y/lXq1fNv7Z0E3jg/DH4X2ZY3PjHxPbwSogyfIRlDtj0BkVv8AgJrOrLli2ejl1L22Lpx819y1Z9yfsW+Bj8Ov2VvhlojxLFcJosNzMqj/AJaTDznz75kNe2VWsrSLT7WC1t0EVvAixRovRVUAKB7ADFWa8Y/XwooooAKKKKACiiigAooooAKKKKACiiigAooooAKKKKACiiigAooooAKKKKACiiigAooooAKKKKACiiigBhG4YIyD1rPg0Wys2kZIFBcEHvweo+laP40H2NYTo06jUpxTa2uhqUkmk7GBqHhW1uLY/ZkWGUZKkdD7H2rjZInhlaORSrqSCp7GvURXJeMNNWMpeIOp2yY/Q/0/Kvic/wAop+y+s0IpNbpLRruexgcVJS9nN3vsc3VnTNOk1S6WFOB1Zz2FVCea7nwzpostPR2GJZvnPsOw/L+Zr5TJsv8Ar+JUZfDHV/5fM9PF1/YU7rd7GhYafFp0AjhQAdz3PuTSxWNvFM0yRIsp6sqgE1a44pDiv2CNClFRjGKSW2mx8rzybbb3HUUlLXQSFFFFABRRVe5uIrO3lnnkSGCNS7yyMFVFAySSeAABkk0ATZx1r8u/2w/2jdT/AGrPiBe/B34falLZ/DbRpgPFGv2jcajKG5t42H3kBBHozAk5VRu6X4+ftW+Nv2rvFOp/C74A3R0zwbbsbXxF4/IKo6nhorZhztIyNy/M2eCq/M3OeGfgSnwJ8KQaLYRNc6bBmWXUdozO55Z5MfdPQYPAAABNaU0nKzZ5+OrVKNFypxbf5eZ4b4g/Zz8QeGvDevaR8MPG2peHNH1uIRaloE92/wBlvAMcEjnJxzkHjIzg4rd+Gvx58b/s/eE7HwxrHwZMui6eu1b3wzKWEh/ikdfnyzHksxBPoK9cguYrlN8Uiyqe6MDUgYhsjII9DWtTD06qszwcJnWKwjumn67nN2f/AAUK+GwVV1fS/E2gynql1pwYKfqr5P5Vqf8ADfvwY2867fg+h0ubP/oNXJreK5/10Uc3/XRFb+YqodA0stuOmWJb1Nsmf5VxvLqb2bPejxbXStKmvvKF1/wUI+E8bFbL+39Vk7La6Yef++nX+VZFz+3XfayHTwj8I/E+ry/wSXo8iM+52q2B+NddDY21ucxW0ERH9yJVx+QqwzluCSQPeqjl9Nbu5nU4rxMl7kUjzC9+K37SHjzcllpvh74eWT/8tJCLi5Cn3JcZ/wCAqawJP2brrxnepffEnxzrfjW4B3G2adobcH2XJI/4Dtr2umzTx26bpXWNR3dgK6oYelDaJ4eIzrG4nSU7LyMjwr4L0HwTZfZdB0m10qHGGFvGFZ/dm+834k1tEgDJPA5zmstddW9uBa6XbT6rdE4EdshYZ9zXY6B8F9d8SMs3iO6GlWR5+w2xzIw9GboP1rZzjBHnU8PXxUvdTb7/AOZyMN1e6/qI0rw/bNf3zcNIo/dxDuzN0wK9u+G/wztvAlrJPNJ9t1m5H+kXbDoOu1fRc/nXQ+HfDOmeFbBbPS7SO0gH3toyzH1ZurH611nhjwteeK9QFvbKVjUgzTkfKi/1PoK4qlRz0Wx9fgcshhf3lR3l+CLPgzwnP4r1VYgDHaRkNPMB0H90e5r6As7SKwtYreBBHDGoVVUcACqWgaDa+HNNis7RNsa8lj1Y9yfetM9KhKx6kpXYtFFFMkKa5AU5pT0rO8RXn9naBqV3/wA8LaWX/vlCf6UEydlc+FfhFMb+38TaiRze61cS59ct/wDXrvq4D4Gx/wDFvrebHNxcTSn3y1d/XtwVoo/GcQ+arJ+YUUUVRzhRRRQB5p4y8OW2rrd6fcrhCxaNwPmRjyrD8/50z4ceOLmxvF8LeIpNt/EAtndsfluE7KT/AHsdPXp169rr2jNfYngx5yjBU/xD/GuA8T+GIdftTb3IMFzGd0MwGHib1HtWTTi7o74uNSNpHrFFeZeBfiLcW14nh3xSwg1FcLbXrH5LkdBk9N3v3+vX036itE01dHHODg7MKKKKZAUUUUAFeK/CXSP+Fx/8FIbVivn6T8M9Badyc7VvJhhRn+9++z/2zPpXrutaxa+HtHv9VvnEdnY28l1M7HACIpZufoKxP+CVng+6vfhx42+LGqwldT8f67Ncxu64P2WFnVAD6b2mA+grjxMrJLufXcO4fnryrPZK3zZ9zUUUV5x+hBRRRQAUUUUAFFFFABRRRQAUUUUAFFFFABRRRQAUUUUAFFFFABRRRQAUUUUAFFFFABRRRQAUUUUAFFFFABRRRQA2qmp2gvbCaE/xKQPr2q3x6Uucg1jVgqkJQls00VFuLTR5pp1mbzUIbcgjLAMMdAOv8q9JRQigDoBXK6TapF4puhxhAzADtkj/ABrq6+Y4dwv1elUb3cmvktD0MfU9pKK6WX4jqKKK+tPNCiiigAoopjusalnIVVGSScAD1oAhurqHT7Sa5uJkgt4UaSWWRgqxqBlmZjwAACSTX5r/AB1+PPiX9u3xnf8Aw0+GF/Pofwc02UReIvF0QKtqxB5ghPeM9h/F95vlwrWP2jvjrrv7bHxA1D4O/C/UZNO+F2lyhPFniy3+7fkHm2gboUJBHoxBJ+QDd7H4F8CaH8NfCmn+HPDlhHp2k2SbIokHLH+JmbqzMeSx5JqW7GkY31YzwB8P9A+GHhOx8OeGrCPTdKs1wkScs5/id26szHksa3poI7mGSGVFkikUq6MMhlIwQR3FPoqDaytY8z1n4A+Hr52l02W60Wc5I+zPuTP+6f6GuYvfgp4qsdx0/W7S/QfdW4Qo2PryK9zorSNSS6nl1cswtV3cbPy0Pni48BePbPg6Pa3Y9YJ1Of1FVv8AhGfHC9fCkze6yL/jX0hRWnt5HE8koPZs+bx4Y8cyMAnhWVCe8kigfzq5B8OvH92R/wAS2xswf4prhTj8ASa+hKKHWkEclw63k2eIWnwO8S3uDqPiG1skP3ks4mc/gTiuj0j4AeHLJ1l1CW71mUck3MpVD/wFf6k16ZRWbqSfU7aWW4Wlqo3fmU9K0Ww0OAQafZQWUQ/hgjCA/XHWrlaGj6BqGvT+VYWslwc4LAYRfqx4Feo+FfhHa2BS41dhezj5hAv+rU+/c/yqEmz0fdpqyOI8HfD+98UyLM4a108H5p2HL+yjv9ele26Lolp4fsEtLOIRRLyfVj3JPc1djjWFFRFCoowFUYAHpin5q0rGUpNi0UUUyQooooAae9ch8X78aV8K/F10TgR6XcnP/bNh/WuvPNeX/tPXv2H4B+NZM4LWDRD/AIEQv/s1OO6MK75aUn2TPmP4Q232b4baEvQtCWP1LNXYVh+Bbf7J4M0OLGNtnEcfVQf61uV7cdEj8aqayfqFFFFMzCiiigAqvd2MF6u2aJX9D0YfjViigabWqOJ8U/DW18QWbQOQ4GShbiRG9VauX0vxjrvwxmj07xRBLfaPkLDqaKWdB2Dev8/QmvXqiuraG9t3gniSeGQbWjkUMrD0INQ49UbKq2rSV0RabqlprNnHd2NzHdWzjKyRNkfj6H2NWq89k+Eo0jUxfeGNXuNBLOGlth88LjPI2k/zz+FehDPeqi29zOSS2dwooo6nA6mmQfPn7anii+i+GmneBtDzL4k8dalDolpAnLlGZfM4HODlEP8Avmv0R+Enw8sfhL8MfC3g7TQBZ6Jp0NijD+MooDOfdm3Mfcmvgf8AZs0D/hpP9uXV/Gckf2nwb8LYDYae5GY5tSk3KXHYlT5je2yM+lfpPnORXkVpc0n2R+q5RhfquEipLV6v5/8AAFooorE9sKKKKACiiigAooooAKKKKACiiigAooooAKKKKACiiigAooooAKKKKACiiigAooooAKKKKACiiigAooooAKKKKACkPSlooA5TS4J08U3btGwjO7LEcYJBH8hXUg5rCjvLo+JZLdgfs+zgY4HGc5rdxXi5ZGEIVIwbdpSvfTr08jpxDbcW7bLYdRRRXtHMFFFFABXwJ+2V8ffE/wAbPHlx+zn8HJpPtbKR4z8S2ylk022yA1urDoxBw2DnJCDktt9N/bf/AGm9W+Gljo/wy+Gsbap8YvGjfZdKtYMFrCJiVa6fsuMNtJ4BVmPCHPc/sjfsv6T+y98M00eOUar4o1Fxe6/rkmWkvrpuW+Zvm2KSQoPux5Y0AeQfC/4XaF8GfBVh4V8PWhtLG0X53kGJLiUgb5ZD3ZiPwGAMACusr6dudOtLwET20M4PXzIw2fzrJufAfh+7OZNKtwfWNSh/8dxUWNVO3Q+eKK93uPhR4dnOVtZIP+ucrf1zVU/BzQT/ABXg+ko/wosyudHiVFeyv8F9JJO26u1HoWU/0p8PwY0ZCTJPdyegDhf6UrMOdHi9Fe3p8H/D68/6W31m/wABV+D4ZeG4Ao/s4SEd5JGYn9cU7MXOjwHI9qv2Gg6lqjYtbC4uPdIzj8+lfQ1p4b0qxOYNOtYjjGViXP8AKtEKFAAAAHQCiwnU7HiOl/CHW70g3Pk2CHrvbe35D/Gu10b4R6Pp217rzNRlH/PQ7U/75H9Sa7uiqSSIcmyG3tYbOJYoIkhiXgJGoUD8BU1FFMkKKKKACiiigAooooATtXh37Zt79l/Z+19AcGeW2iH4zIf6GvcTXzz+3BNj4QWVsDj7TrVrCR6j5z/QVUfiRxYx2w835Hnujw/ZtHsYsY8u3jTH0UCrdNRfLRV9FA/IU6vaWx+Ot3YUUUUxBRRRQAUUUUAFFFFABRRRQAV5H+1H8W5PhF8J7+60/dJ4j1VhpejwRjc73MgxuVRySqkn67R3FejeK/Fmj+B/D95revahBpelWil5bmc4UDsAOrMegUck9BXln7Knw81n9r/462Hxm8T6TLp/wu8JO6eE7C7XDX92GH+ksD95VI3Z6blRRnY1YVqihG3VnvZRgJYuupSXuLV/5H1f+xX+z6n7N/wA0DwxcKD4guQdS1qbqXvZQC43dwgCoD3CZ717xRRXkn6kFFFFABRRRQAUUUUAFFFFABRRRQAUUUUAFFFFABRRRQAUUUUAFFFFABRRRQAUUUUAFFFFABRRRQAUUUUAFFFFABRRRQAUUUUAJgdcUtFFABRRRQAV5f8AtG/HrQP2b/hNrPjfxBIWjtE8u0skYCS8umB8uFfdiOT2UMe1ekzzx20Mks0ixRRgs8jsFVABkkk8AAd6/PvwbbSf8FEP2p5fGV/G83wJ+G12bfRbaQHyda1EYLTMp4ZQQrc/wiMfxuKAPQf2F/gB4gbUNW+P3xWX7V8UfGoM0EEykf2RYMB5cKKfuMyhcjqqhV67s/ZVIBiloAKKKKACiiuV+IXxP8J/CjQX1rxh4i0/w5panb9p1CdY1Y/3VB5Y+ygmgDqqK+dvCf8AwUE/Z/8AGevLpGnfErTEvXkEUYvUlto5GPTbJIirz9a+g4pUuI0kjYSRuAyupyCDyCCOooAmooooAKKKKACiiigAooooAKKK+GP2xv8Agp34U+Bb3nhTwAtt428fcwuYnL2OnyZxiRl/1sgP/LNDwfvMDwQD7nor4N/4J9eGf2lPEnjHWPid8YfEV/beHtas9tr4c1H5HdiyskywABbdVXcAMBm3cjHJ+8qACiiigBPSvmr9uOfPhDwfaf8APfX4Tj6K3+NfSvcV8wftuHzD8NoP+emt5P4KP8a0p6yR5uYu2Em/IwmGGI9OKSlblj9TSV7J+QhRRRQAUUUUAFFFFABRQAWOACSewryX4sftQ+APhE7Weo6qdW10kLFoukAXF0znorBTtQk/3iD7GlKSirs3pUaleXJTi2/I9awScDJJ6CvGfi5+1P4V+Geox+H9Min8aeNrhvKtvDuhjzpmlPRXZQwX/dALf7NZvhr4P/tG/tb+XJqIb4E/Da45YSKzaxeRHsE+Vl3A/wAXlj2bofsf9nn9j/4Z/sz2AXwloiy61IuLnX9QInv7gnrmQj5VPPyoFHsTzXFUxHSJ9hguH9p4p/Jfqz5i+Gv7EXjn9o7WtI8ZftFTJpOhWTifTvh3pTFUweQbtwSSTwCoJbHG5Rla+/dK0uz0LTbXT7C1hsbC1jWGC2t0CRxIowqqo4AA4wKvZpDzXC25O7Ps6dKFGKhTVkuiHUUUUjYKKKKACiiigAooooAKKKKACiiigAooooAKKKKACiiigAooooAKKKKACiiigAooooAKKKKACiiigAooooAKKKKACiiigAooooAKKKKACiiuK+MXxV0X4JfDPxD428QTeXpej2rXDqGAaZuiRLnqzsVUe7CgD5f/AG/Pi1r3ibUvDn7OXw4mJ8ceOyE1K5iOf7N0vJ813I5Xeqvn/YV+7LX038GfhLoXwM+Geg+CPDcHkaXpNusSuVAaeQ8vK5HVnYlifU+mK/OL9n1fHUq+KP2jNSWNviL4pn+22sNwhkW10wEYhRTyAyqoHfYi9ya/Sf4W/EPTvil4G0zxHpxCx3UY82HOWhlHDxt7q2fqMHvWkoSik31PPoY2liKs6UHrF29TsKKKKzPQCiiigCG4uI7WCWeVgkUSl2Y9AAMk/lX85/7X37RviD9pL4067r2qXsx0i3upbbSNOLHyrS2ViECr0DMAGZupJPOAMf0Vatp8eraXeWMpxHcwvAxHUBlIP86/mj+PHws1j4LfFzxP4P1u1e1u9OvpETeDiWIsTHIp7qykEEetAHn9frh/wR5/ab1vxlZa58JvEd9JqC6ParqGiz3EhaSODcFkgyeSqllZeeAWHTAr8j6/Tn/gi38G9Vl8YeLPiZdWzwaLBZnSLOZ1IE87OrSbfUIqqCfV8djQB+t9FFFABRRRQAUUUUAFITgUtFAH4uftr/8ABTHxl8U9c1b4f+CBceA/C0N1JY3l5IzJf3mG2tvZeYY+DlVyxHU9q+o/+CeX7EXwf8H6DZePU8SaH8WPGGA4vrKVZ7LS2P8ADFEeRICD+8kUN/dVec/Svxs/Y6+Efx/ilfxd4OspdRkzjVrFfs16pPfzUwWOT/FuHtXwj4//AOCT3xH+Duvt4r+AHxEuvtkHzxWd1cGxvlA52LMmI5ASOjhAeAc8mgD9WaK/Or9kn9qz9pWD4z6T8KfjD8O9Q1BZiY5NfOntbyWqqrESySKPJlQ7fvLgnIwWPB/RWgAooooAK+XP20Tu1r4Wp66vKf8Ax1K+o6+dv2rPBeqeItT8A6raJG+naVfySXbM4Vl3Ku0gd87SOPatKXxo8rNP9zqehxZ5J+tJR3zRXsn5IFFFI7CKNpHZUjUbmd2AVR6kngUDtcWivH/iD+1r8Lfhw7wX3iaHU9QU7RYaMPtcxb+6dvyg/wC8wrnND8dftD/H4qvws+E0nhbRJfueJPGTeSu3+8sbYz/wESCspVoR6nq4fK8Xifgg0u70R75fX1rpdnLd3tzDZWkakvPcSLGiD1ZmIA/OvBvFv7ZvhG01lfD/AIG0/Uvib4olO2LT/D1u0kZPvIAcjPUoGx3Ir0bwr/wTBuPG15Dq3x3+JmseP7oHf/Y2mSNaafGfTP3mHuqofrX2D8Mvgx4G+DWkDTPBPhXTPDdp0YWNuFeT3dzlnPuxJrkliW9Io+pw3DtOFpYiXM+y0X+Z8IeHf2X/ANpP9pMLN49162+C/g6fBOjaOfN1OaM/wuyt8v8AwJx7pX1Z8Av2KPhP+zqsdz4Z8Nx3mvqPn8QasRc3zN3IdhiPPogUfWvePwpf0rklKUnds+po0KVCPLSikvIWiiipOgKTFLRQAUUUUAFFFFABRRRQAUUUUAFFFFABRRRQAUUUUAFFFFABRRRQAUUUUAFFFFABRRRQAUUUUAFFFFABRRRQAUUUUAFFFFABRRRQAUUUUAFFFFADa/OH9tjxjL+05+0f4f8AgRpE7t4P8LOms+L5oWO2SUAGO3JHUqrAY/vSHunH2V+078cbD9nX4I+JvHF9skmsbcpYW7nH2i7f5YY/oWIJ9FDHtXxL+yT8Nb/wf8PrjxN4kZ7nxp4yuG1rVrmcfvMyEsiEn0DFiP7zkdq3ow55a7I8XNsZ9Tw7afvPRf5nt8MMVvDHBDEsUEaiNIkACqoGAoHYADGKzfgt4vPwR+LUmh3L+V4O8UOGgZj8tpd9APQBsgH2KHtWrWJ4y8LweLtBuNPlISRvnhl7xyD7rA/ofY16NSHPGx+cYPFSwtdVUfa+c9KXNeJfsxfFubx94Vl0TWmKeKdBItrxHPzTIOElHrkDBPqM9xXtvavIaadmfrVGrGvTVSGzFooopG4V4f8AtHfsefDT9qKxgXxnpD/2rbKUtdZsH8m7hU/w7sEMuedrAjPTFe4UUAfAPhD/AII0/CDQtdF7rGu+IvENkjhk0+aaOBCAc7XZF3MPXBWvuLwj4P0XwB4dsdB8PaZbaNotjGIbaytIwkcajsAPzJPJOSSa3KKACiiigAooooAKKKKACiiigAoorwTxF+174Y8L/tU6H8DL/TdQi1vV7EXlvqpC/Zi7LIyRYzuJIiYbsYzgepAB73RRRQAUhpaKAG4riPjDD53gW8bGTHJG30+cD+tdvnnNfO37e3xe1X4Ifsx+KPE+jWMN9qMb29rH9pBMcJlmVPMZRjdtzwMjJIzxVwdpJnJiqTrUJ0lu00jhNQ1G00iykvL+6gsbOIFnuLmVY40HqWYgD868L8Xftr/DbQNSGk6HPqHjnXHbZFp/hy2acyN/dV+A3/Ad3412fw2/4JuT/Fu00zxZ8ePiLqXjiW7hjuodC0eVrXToVdQwXcAGIw38Cp9TX2F8MP2ffhx8FrcReCvBmj+HXxtNxaWy+ewIAIaY5ds47sa6pYlvSKPmMNw7TiuavK77LRHwdpFx+1V8aAB4P+FNl8OtLmwV1PxfNiUKf4vKYBge+PLP412+h/8ABMjxF4+eO6+Nnxl1zxSCdz6NoP8Aodn05GWHI9wimvv0DFGK5pVJS3Z9FQwGGw/8OCT77v7zxz4R/sg/B/4HpE3hLwJpdneoAP7SuovtV2x9fOl3MOmcKQPavZKWisz0AooooAKKKKACiiigAooooAKKKKACiiigAooooAKKKKACiiigAooooAKKKKACiiigAooooAKKKKACiiigAooooAKKKKACiiigAooooAKKKKACiiigAooooAKKKKACiiuD+OPxV074IfCTxT451QqbbRbKS5WNjjzpcbYox7u5RR/vUAfDH7YniQ/tMftceGPhFav5/gzwGBrfiMLyk12QCkLeuFZVx/00k9K9l46AADsAOleBfsc+DdQsvAGo+O/EZafxd47vZNbvp5B85jdmaIeoBDM2O28V77Xq0IcsNd2fl2dYv6ziXFPSOi/VhRRRXQeAcnrMmreAfGGm+PPDUDXF/asIb6yjz/pcB4KkDqcfXGAe1e+QfFjWfEfx/wBA8MaYy22iLon9p6lBJGGkLOMou7+ErlOnXLe1eX1r/sn27678TfiH4hldpFtxBpcLNzhVySoPttH5iuGvBL3j63JcVVc1hk9G0/u3PqeiiiuA/QwooooA/P34tfGXxp4e/wCCqnw28JzeJdQ0zwTdaWsKaXHMVtbppIbgkun3WYyqignkbVwR3/QKvz0/4KwfCbW7XTfBPx18Jxu2t+BruMXjRAlkt/NDxSkD+FJeG9pM9Aa+vf2dvjroP7Rnwl0PxvoMyMl5EFu7QMC9ndADzYWHUFW6Z6qVPQigD06iiigAooooAKKKKACiiigBo5FfmZ4nuF+Mv/BYzw/FpxW4tfBWnKl1KmQEMUMjsCfUS3Cr+lfVv7ZX7Xvhz9lL4b3V/c3EN74wvoWj0TRNwMk8uMCVx1WJCcsx64wOTX5o/sffGnxX+yp8fNI8XfE/w+G0v4rKDPr14CLmBZJi3mg5wo3sjurDOwqRjAFJtLRlKMpJyS0W5+21FNVgwBByCMginUyQooooAK8L/bg8Dn4h/sm/E/R0h8+f+xpbuFP+mkGJ1x+MYr3SqWsaXb65pF9pt0u+1vIJLeVfVHUqw/ImgDxn9iHxwfiF+yd8L9YZxJMNFhspjnJ8yAGBs+5Mefxr3OviT/glLqUum/BTxl4Cu/lvvBfi2+0x0J5VSwYfhv8AMH4GvtugAooooAKKKKACiiigAooooAKKKKACiiigAooooAKKKKACiiigAooooAKKKKACiiigAooooAKKKKACiiigAooooAKKKKACiiigAooooAKKKKACiiigAooooAKKKKACiiigAooooAbivz2/4KY+MX+I3j34YfALTZz5er3i65r4jP3LSIsEDY6A7ZWx6ovtX6CzTR28TySuI40UszMcAADJJPpX5MfCrxE/x0/aA+KnxpnJls73UDo+hs/8NnDtAYexVY/xLVpTjzSSODHV/q+HnU62svVn1Xb20NnbxW9vGsNvCgiijUYCKBhVHsABUlIpyob1FLXsn4/J31YUUUUCIru5WztZp3OEiRpG+igk/wAq9C/Yr0hrb4RzarKP3+salcXbMerAEIP/AEAn8a8a+JupHSvAesSgkO0Pkqf9piF/rX1X8EfD3/CK/CTwnphG14dPiLgjkMy7mB/FjXDiXsj6/h2lerKo+iO7ooorgP0EKKKKAKGr6RZeIdKvNN1K1ivtPvIWguLW4QPHLGwKsrA8EEEgivzC8ffs4fGX/gnv8RNS+IXwGW48V/De9k87UvC7q07QRgk7JIgdzqoJCyp8yjhuMk/qZRQB8O/Bn/grV8HviBFBZ+MWvfh1rwOyaHUo2mtQ467Z0HAyD99V9Oa+rPCnxp8BeOLdZ9A8aaBq8bYwbTUYXPPQEBsg+2K4/wCLf7Hvwd+NzyzeLPAelXmoSghtStovs10Se5lj2sx/3ia+ZfFP/BGX4R6ncedoHiTxR4cbJYIs8Vwq+gG5A2B9c+9AH36rq4BUhgRkEHORT6/NRv8Agjxqujs7+H/j3r1ixPyobJ0IHu6XAz/3zVT/AIdMfE2eU+b+0dqyxk/88Lp2x+NyKAP0vubuG0TfPNHCv96Rgo/WuR8SfGjwD4Otnn13xr4f0mJBlmu9Shjx+BbNfA9t/wAEapLtMa18c9dv9zFnWPTSoOTyfmuG5Prius8Lf8EZPhDpcofXPEfifxA3dTPFbqf++UJ/WgD1L4gf8FO/2fPASsqeMj4kuQCRDoNs9wCfTfgIP++q+afF/wDwU/8Air8cp5NB+Afwxu7RpwU/tzVEFw8Q6FgoxDHj1dmHtW9+2J/wTB8IaT8DhqfwW8NyWvivw/N9ukgM8lxPqVuB88Y3scuuA6gDnawxlhWP+zP+2l4C8Z+DLHRvEeoad4H8V2KCC7sbwLaW08g4MkTHCgsRyhIYHIwRg1hWnKEbxVz08vw1HFVeSrPl/X5nkXwH+BD+J/2hNSvvjvqN14q8cwkS29vfTmaCSRfm+dj98BSGVFwuM8HgV2v/AAVHt7F/g14YklUC9j1kLbADnaYW3gD0wq/kKv8A7VXxP+H+iXmkeMtG8a6Q3ibT5FBtrC5WeaZAcqwCE5Kng5wCG9q5L4S+EPGX/BSj476B4h1jR5tD+D3hSRXl352XLqVZolY8PJIyqGxwiDGc43edQ9tVq81TZH2GZvAYLBeywzXNJWavd3XVn6t/C2e6ufhn4SmviTeyaRaPOSMHeYULZ985rqqjjjWNFRQFVQAABgADoKkr2D88CiiigApjuEBZjgAZJpx4rG8UX4sdJlwcSS/u1/Hr+lA1qfE/7JF4fAn7fn7RXg07YbTxBHb+JbWPONxLZcgepNwxP+7X3lX57+MJh8Of+Cmfwe18KEtvF+hXWhTvnAaSNXK/jkwD8q/QiktgaswooopiCiiigAooooAKKKKACiiigAooooAKKKKACiiigAooooAKKKKACiiigAooooAKKKKACiiigAooooAKKKKACiiigAooooAKKKKACiiigAooooAKKKKACiiigAooooAKQ0UUAfN3/BQj4uH4Pfso+M9RtpTFquqwjRbHacN5txlGK+6x+Y3H92vlb4JeBl+HHwp8NaBsEdxBarJc4GMzv88mfozEfhRRXZh1qz5bPZPkhHpc93spPNtIH/vIp/SpqKK9FbH51LcKKKKCTifiTZtr934V8OR5L6vqsMLKO6Bhu/8AQs/hX3dDEsMSRqAFVQFHoMUUV5mI+M/QeHUvYzl1uTUUUVyn14UUUUAFFFFABRRRQAUUUUAFFFFABXzX8b/+Ce3wT+PWty63rvhmTS9dnbdPqWhTm0knPcuoBR2/2ipPvRRQBxvgb/glJ+z94N1KK+n0LU/EkkZysWt37Swn6ogQH8civrXQ9C07wzpVtpmkafbaZp1sgjhtLOJYoo1HZVUAAfQUUUAaNFFFABRRRQAV574q1QajqJRGzDBlR6E9z/T8KKKllw3Piv8A4KCvJ4Rm+CnxFgT994X8Z2rSS5xticq7DPoTEBX6Jo6yorqQykAgjoQaKKaCW4+iiimQFFFFABRRRQAUUUUAFFFFABRRRQAUUUUAFFFFABRRRQAUUUUAFFFFABRRRQAUUUUAFFFFAH//2Q==" alt="" width="652" height="488"></p>', 9, '0:0:0:0:0:0:0:1', 'N', 'N', 'Y', 'FILE_000000000000021', '2025-06-04 00:00:38', 'admin', '2025-06-04 00:26:22', 'admin'),
	('BOARD_00000000000061', 'NORMAL', 'xxx', '<p>xxx</p>', 1, '0:0:0:0:0:0:0:1', 'N', 'N', 'Y', 'FILE_000000000000031', '2025-06-04 00:39:36', 'admin', '2025-06-04 00:39:36', 'admin'),
	('BOARD_00000000000071', 'IMAGE', '이미지 게시판1', '<p>이미지 게시판1</p>', 0, '0:0:0:0:0:0:0:1', 'N', 'N', 'Y', 'FILE_000000000000041', '2025-06-24 21:38:04', 'admin', '2025-06-24 21:38:04', 'admin'),
	('BOARD_00000000000072', 'IMAGE', 'test', '<p>test111</p>', 0, '0:0:0:0:0:0:0:1', 'Y', 'Y', 'Y', 'FILE_000000000000042', '2025-06-24 21:38:31', 'admin', '2025-06-24 21:38:31', 'admin'),
	('BOARD_X0000000000001', 'NORMAL', '제목1', NULL, 0, NULL, 'Y', 'Y', 'Y', NULL, '2025-05-13 22:34:52', 'admin', '2025-05-13 22:34:52', 'admin'),
	('BOARD_X0000000000002', 'NORMAL', '제목2', NULL, 0, NULL, 'N', 'N', 'Y', NULL, '2025-05-13 22:34:55', 'admin', '2025-05-13 22:34:55', 'admin'),
	('BOARD_X0000000000003', 'NORMAL', '제목3', NULL, 10, NULL, 'Y', 'N', 'Y', NULL, '2025-05-13 22:35:01', 'admin', '2025-05-13 22:35:01', 'admin');

-- 뷰 homepage2025_db.comvnusermaster 구조 내보내기
-- VIEW 종속성 오류를 극복하기 위해 임시 테이블을 생성합니다.
CREATE TABLE `comvnusermaster` (
	`ESNTL_ID` CHAR(20) NOT NULL COLLATE 'utf8mb4_unicode_ci',
	`USER_ID` VARCHAR(1) NOT NULL COLLATE 'utf8mb4_unicode_ci',
	`PASSWORD` VARCHAR(1) NOT NULL COLLATE 'utf8mb4_unicode_ci',
	`USER_NM` VARCHAR(1) NOT NULL COLLATE 'utf8mb4_unicode_ci',
	`USER_ZIP` VARCHAR(1) NULL COLLATE 'utf8mb4_unicode_ci',
	`USER_ADRES` VARCHAR(1) NULL COLLATE 'utf8mb4_unicode_ci',
	`USER_EMAIL` VARCHAR(1) NULL COLLATE 'utf8mb4_unicode_ci',
	`GROUP_ID` VARCHAR(1) NULL COLLATE 'utf8mb4_unicode_ci',
	`USER_SE` VARCHAR(1) NOT NULL COLLATE 'utf8mb3_general_ci',
	`ORGNZT_ID` VARCHAR(1) NULL COLLATE 'utf8mb4_unicode_ci'
) ENGINE=MyISAM;

-- 테이블 homepage2025_db.ids 구조 내보내기
CREATE TABLE IF NOT EXISTS `ids` (
  `TABLE_NAME` varchar(20) NOT NULL,
  `NEXT_ID` decimal(30,0) NOT NULL DEFAULT 0,
  PRIMARY KEY (`TABLE_NAME`)
) ENGINE=InnoDB DEFAULT CHARSET=utf8mb4 COLLATE=utf8mb4_unicode_ci;

-- 테이블 데이터 homepage2025_db.ids:~9 rows (대략적) 내보내기
INSERT INTO `ids` (`TABLE_NAME`, `NEXT_ID`) VALUES
	('BBS_ID', 1),
	('BOARD_ID', 81),
	('CRUD_ID', 10),
	('ESNTL_ID', 11),
	('FILE_ID', 51),
	('SAMPLE', 1),
	('SCHDUL_ID', 1),
	('TEMP_ID', 141),
	('TMPLAT_ID', 1);

-- 테이블 homepage2025_db.letcrud 구조 내보내기
CREATE TABLE IF NOT EXISTS `letcrud` (
  `CRUD_CTGRY` varchar(20) DEFAULT NULL COMMENT '카테고리',
  `CRUD_SJ` varchar(100) DEFAULT NULL COMMENT '제목',
  `CRUD_ID` char(10) NOT NULL COMMENT 'CRUDID',
  `CRUD_CN` text DEFAULT NULL COMMENT '내용',
  `USER_NM` varchar(20) DEFAULT NULL COMMENT '작성자',
  `FRST_REGIST_PNTTM` datetime DEFAULT NULL COMMENT '작성일',
  PRIMARY KEY (`CRUD_ID`)
) ENGINE=InnoDB DEFAULT CHARSET=utf8mb4 COLLATE=utf8mb4_unicode_ci COMMENT='CRUD테이블';

-- 테이블 데이터 homepage2025_db.letcrud:~2 rows (대략적) 내보내기
INSERT INTO `letcrud` (`CRUD_CTGRY`, `CRUD_SJ`, `CRUD_ID`, `CRUD_CN`, `USER_NM`, `FRST_REGIST_PNTTM`) VALUES
	('수업3', '테스트', 'CRUD_00001', '내용', '작성자', '2025-05-07 00:06:45'),
	('수업3', '테스트', 'CRUD_00002', '내용', '작성자', '2025-05-07 00:07:38');

-- 테이블 homepage2025_db.lettccmmnclcode 구조 내보내기
CREATE TABLE IF NOT EXISTS `lettccmmnclcode` (
  `CL_CODE` char(3) NOT NULL,
  `CL_CODE_NM` varchar(60) DEFAULT NULL,
  `CL_CODE_DC` varchar(200) DEFAULT NULL,
  `USE_AT` char(1) DEFAULT NULL,
  `FRST_REGIST_PNTTM` datetime DEFAULT NULL,
  `FRST_REGISTER_ID` varchar(20) DEFAULT NULL,
  `LAST_UPDT_PNTTM` datetime DEFAULT NULL,
  `LAST_UPDUSR_ID` varchar(20) DEFAULT NULL,
  PRIMARY KEY (`CL_CODE`)
) ENGINE=InnoDB DEFAULT CHARSET=utf8mb4 COLLATE=utf8mb4_unicode_ci;

-- 테이블 데이터 homepage2025_db.lettccmmnclcode:~0 rows (대략적) 내보내기
INSERT INTO `lettccmmnclcode` (`CL_CODE`, `CL_CODE_NM`, `CL_CODE_DC`, `USE_AT`, `FRST_REGIST_PNTTM`, `FRST_REGISTER_ID`, `LAST_UPDT_PNTTM`, `LAST_UPDUSR_ID`) VALUES
	('LET', '전자정부 프레임워크 경량환경 템플릿', '전자정부 프레임워크 경량환경 템플릿', 'Y', '2011-08-02 21:01:59', 'SYSTEM', '2011-08-02 21:01:59', 'SYSTEM');

-- 테이블 homepage2025_db.lettccmmncode 구조 내보내기
CREATE TABLE IF NOT EXISTS `lettccmmncode` (
  `CODE_ID` varchar(6) NOT NULL,
  `CODE_ID_NM` varchar(60) DEFAULT NULL,
  `CODE_ID_DC` varchar(200) DEFAULT NULL,
  `USE_AT` char(1) DEFAULT NULL,
  `CL_CODE` char(3) DEFAULT NULL,
  `FRST_REGIST_PNTTM` datetime DEFAULT NULL,
  `FRST_REGISTER_ID` varchar(20) DEFAULT NULL,
  `LAST_UPDT_PNTTM` datetime DEFAULT NULL,
  `LAST_UPDUSR_ID` varchar(20) DEFAULT NULL,
  PRIMARY KEY (`CODE_ID`),
  KEY `R_179` (`CL_CODE`),
  CONSTRAINT `LETTCCMMNCODE_ibfk_1` FOREIGN KEY (`CL_CODE`) REFERENCES `lettccmmnclcode` (`CL_CODE`)
) ENGINE=InnoDB DEFAULT CHARSET=utf8mb4 COLLATE=utf8mb4_unicode_ci;

-- 테이블 데이터 homepage2025_db.lettccmmncode:~8 rows (대략적) 내보내기
INSERT INTO `lettccmmncode` (`CODE_ID`, `CODE_ID_NM`, `CODE_ID_DC`, `USE_AT`, `CL_CODE`, `FRST_REGIST_PNTTM`, `FRST_REGISTER_ID`, `LAST_UPDT_PNTTM`, `LAST_UPDUSR_ID`) VALUES
	('COM001', '등록구분', '게시판, 커뮤니티, 동호회 등록구분코드', 'Y', 'LET', '2011-08-02 21:01:59', 'SYSTEM', '2011-08-02 21:01:59', 'SYSTEM'),
	('COM003', '업무구분', '업무구분코드', 'Y', 'LET', '2011-08-02 21:01:59', 'SYSTEM', '2011-08-02 21:01:59', 'SYSTEM'),
	('COM004', '게시판유형', '게시판유형구분코드', 'Y', 'LET', '2011-08-02 21:01:59', 'SYSTEM', '2011-08-02 21:01:59', 'SYSTEM'),
	('COM005', '템플릿유형', '템플릿유형구분코드', 'Y', 'LET', '2011-08-02 21:01:59', 'SYSTEM', '2011-08-02 21:01:59', 'SYSTEM'),
	('COM009', '게시판속성', '게시판 속성', 'Y', 'LET', '2011-08-02 21:01:59', 'SYSTEM', '2011-08-02 21:01:59', 'SYSTEM'),
	('COM019', '일정중요도', '일정중요도 낮음/보통/높음 상태구분', 'Y', 'LET', '2011-08-02 21:01:59', 'SYSTEM', '2011-08-02 21:01:59', 'SYSTEM'),
	('COM030', '일정구분', '일정구분 코드', 'Y', 'LET', '2011-08-02 21:01:59', 'SYSTEM', '2011-08-02 21:01:59', 'SYSTEM'),
	('COM031', '반복구분', '일정 반복구분 코드', 'Y', 'LET', '2011-08-02 21:01:59', 'SYSTEM', '2011-08-02 21:01:59', 'SYSTEM');

-- 테이블 homepage2025_db.lettccmmndetailcode 구조 내보내기
CREATE TABLE IF NOT EXISTS `lettccmmndetailcode` (
  `CODE_ID` varchar(6) NOT NULL,
  `CODE` varchar(15) NOT NULL,
  `CODE_NM` varchar(60) DEFAULT NULL,
  `CODE_DC` varchar(200) DEFAULT NULL,
  `USE_AT` char(1) DEFAULT NULL,
  `FRST_REGIST_PNTTM` datetime DEFAULT NULL,
  `FRST_REGISTER_ID` varchar(20) DEFAULT NULL,
  `LAST_UPDT_PNTTM` datetime DEFAULT NULL,
  `LAST_UPDUSR_ID` varchar(20) DEFAULT NULL,
  PRIMARY KEY (`CODE_ID`,`CODE`),
  CONSTRAINT `LETTCCMMNDETAILCODE_ibfk_1` FOREIGN KEY (`CODE_ID`) REFERENCES `lettccmmncode` (`CODE_ID`)
) ENGINE=InnoDB DEFAULT CHARSET=utf8mb4 COLLATE=utf8mb4_unicode_ci;

-- 테이블 데이터 homepage2025_db.lettccmmndetailcode:~22 rows (대략적) 내보내기
INSERT INTO `lettccmmndetailcode` (`CODE_ID`, `CODE`, `CODE_NM`, `CODE_DC`, `USE_AT`, `FRST_REGIST_PNTTM`, `FRST_REGISTER_ID`, `LAST_UPDT_PNTTM`, `LAST_UPDUSR_ID`) VALUES
	('COM001', 'REGC01', '단일 게시판 이용등록', '단일 게시판 이용등록', 'Y', '2011-08-02 21:01:59', 'SYSTEM', '2011-08-02 21:01:59', 'SYSTEM'),
	('COM001', 'REGC07', '게시판사용자등록', '게시판사용자등록', 'Y', '2011-08-02 21:01:59', 'SYSTEM', '2011-08-02 21:01:59', 'SYSTEM'),
	('COM003', 'BBS', '게시판', '게시판', 'Y', '2011-08-02 21:01:59', 'SYSTEM', '2011-08-02 21:01:59', 'SYSTEM'),
	('COM004', 'BBST01', '일반게시판', '일반게시판', 'Y', '2011-08-02 21:01:59', 'SYSTEM', '2011-08-02 21:01:59', 'SYSTEM'),
	('COM004', 'BBST02', '익명게시판', '익명게시판', 'N', '2011-08-02 21:01:59', 'SYSTEM', '2011-08-02 21:01:59', 'SYSTEM'),
	('COM004', 'BBST03', '공지게시판', '공지게시판', 'Y', '2011-08-02 21:01:59', 'SYSTEM', '2011-08-02 21:01:59', 'SYSTEM'),
	('COM005', 'TMPT01', '게시판템플릿', '게시판템플릿', 'Y', '2011-08-02 21:01:59', 'SYSTEM', '2011-08-02 21:01:59', 'SYSTEM'),
	('COM009', 'BBSA01', '유효게시판', '유효게시판', 'N', '2011-08-02 21:01:59', 'SYSTEM', '2011-08-02 21:01:59', 'SYSTEM'),
	('COM009', 'BBSA02', '갤러리', '갤러리', 'Y', '2011-08-02 21:01:59', 'SYSTEM', '2011-08-02 21:01:59', 'SYSTEM'),
	('COM009', 'BBSA03', '일반게시판', '일반게시판', 'Y', '2011-08-02 21:01:59', 'SYSTEM', '2011-08-02 21:01:59', 'SYSTEM'),
	('COM019', 'A', '높음', '높음', 'Y', '2011-08-02 21:02:00', 'SYSTEM', '2011-08-02 21:02:00', 'SYSTEM'),
	('COM019', 'B', '보통', '보통', 'Y', '2011-08-02 21:02:00', 'SYSTEM', '2011-08-02 21:02:00', 'SYSTEM'),
	('COM019', 'C', '낮음', '낮음', 'Y', '2011-08-02 21:02:00', 'SYSTEM', '2011-08-02 21:02:00', 'SYSTEM'),
	('COM030', '1', '회의', '회의', 'Y', '2011-08-02 21:01:59', 'SYSTEM', '2011-08-02 21:01:59', 'SYSTEM'),
	('COM030', '2', '세미나', '세미나', 'Y', '2011-08-02 21:01:59', 'SYSTEM', '2011-08-02 21:01:59', 'SYSTEM'),
	('COM030', '3', '강의', '강의', 'Y', '2011-08-02 21:01:59', 'SYSTEM', '2011-08-02 21:01:59', 'SYSTEM'),
	('COM030', '4', '교육', '교육', 'Y', '2011-08-02 21:01:59', 'SYSTEM', '2011-08-02 21:01:59', 'SYSTEM'),
	('COM030', '5', '기타', '기타', 'Y', '2011-08-02 21:01:59', 'SYSTEM', '2011-08-02 21:01:59', 'SYSTEM'),
	('COM031', '1', '당일', '당일', 'Y', '2011-08-02 21:01:59', 'SYSTEM', '2011-08-02 21:01:59', 'SYSTEM'),
	('COM031', '2', '반복', '반복', 'Y', '2011-08-02 21:02:00', 'SYSTEM', '2011-08-02 21:02:00', 'SYSTEM'),
	('COM031', '3', '연속', '연속', 'Y', '2011-08-02 21:02:00', 'SYSTEM', '2011-08-02 21:02:00', 'SYSTEM'),
	('COM031', '4', '요일반복', '요일반복', 'Y', '2011-08-02 21:02:00', 'SYSTEM', '2011-08-02 21:02:00', 'SYSTEM');

-- 테이블 homepage2025_db.lettemp 구조 내보내기
CREATE TABLE IF NOT EXISTS `lettemp` (
  `TEMP_ID` int(11) NOT NULL AUTO_INCREMENT COMMENT '임시데이터ID',
  `TEMP_VAL` varchar(100) DEFAULT NULL COMMENT '임시데이터값',
  PRIMARY KEY (`TEMP_ID`)
) ENGINE=InnoDB AUTO_INCREMENT=2 DEFAULT CHARSET=utf8mb4 COLLATE=utf8mb4_unicode_ci COMMENT='임시데이터저장소';

-- 테이블 데이터 homepage2025_db.lettemp:~0 rows (대략적) 내보내기
INSERT INTO `lettemp` (`TEMP_ID`, `TEMP_VAL`) VALUES
	(1, 'first');

-- 테이블 homepage2025_db.lettemp2 구조 내보내기
CREATE TABLE IF NOT EXISTS `lettemp2` (
  `TEMP_ID` char(20) NOT NULL COMMENT '임시데이터ID',
  `TEMP_VAL` varchar(100) DEFAULT NULL COMMENT '임시데이터값',
  PRIMARY KEY (`TEMP_ID`)
) ENGINE=InnoDB DEFAULT CHARSET=utf8mb4 COLLATE=utf8mb4_unicode_ci COMMENT='임시데이터저장소2';

-- 테이블 데이터 homepage2025_db.lettemp2:~93 rows (대략적) 내보내기
INSERT INTO `lettemp2` (`TEMP_ID`, `TEMP_VAL`) VALUES
	('TEMP_000000000000001', 'test'),
	('TEMP_000000000000011', 'test'),
	('TEMP_000000000000031', 'tes11t'),
	('TEMP_000000000000032', '테스트'),
	('TEMP_000000000000033', '테스트'),
	('TEMP_000000000000034', '테스트'),
	('TEMP_000000000000035', '테스트'),
	('TEMP_000000000000036', '테스트'),
	('TEMP_000000000000037', '테스트'),
	('TEMP_000000000000038', '테스트'),
	('TEMP_000000000000039', '테스트'),
	('TEMP_000000000000040', '테스트'),
	('TEMP_000000000000041', '테스트'),
	('TEMP_000000000000042', '테스트'),
	('TEMP_000000000000043', '테스트'),
	('TEMP_000000000000044', '테스트'),
	('TEMP_000000000000045', '테스트'),
	('TEMP_000000000000046', '테스트'),
	('TEMP_000000000000047', '테스트'),
	('TEMP_000000000000048', '테스트'),
	('TEMP_000000000000051', '테스트'),
	('TEMP_000000000000052', NULL),
	('TEMP_000000000000053', NULL),
	('TEMP_000000000000054', NULL),
	('TEMP_000000000000055', NULL),
	('TEMP_000000000000061', '테스트'),
	('TEMP_000000000000062', '테스트'),
	('TEMP_000000000000063', '테스트'),
	('TEMP_000000000000064', '테스트'),
	('TEMP_000000000000065', '테스트'),
	('TEMP_000000000000066', '테스트'),
	('TEMP_000000000000067', '테스트'),
	('TEMP_000000000000068', '테스트'),
	('TEMP_000000000000069', '테스트'),
	('TEMP_000000000000070', '테스트'),
	('TEMP_000000000000071', '테스트'),
	('TEMP_000000000000072', '테스트'),
	('TEMP_000000000000073', '테스트'),
	('TEMP_000000000000074', '테스트'),
	('TEMP_000000000000075', '테스트'),
	('TEMP_000000000000076', '테스트'),
	('TEMP_000000000000077', '테스트'),
	('TEMP_000000000000078', '테스트'),
	('TEMP_000000000000079', '테스트'),
	('TEMP_000000000000080', '테스트'),
	('TEMP_000000000000081', '테스트'),
	('TEMP_000000000000082', '테스트'),
	('TEMP_000000000000083', '테스트'),
	('TEMP_000000000000084', '테스트'),
	('TEMP_000000000000085', '테스트'),
	('TEMP_000000000000086', '테스트'),
	('TEMP_000000000000087', '테스트'),
	('TEMP_000000000000088', '테스트'),
	('TEMP_000000000000089', '테스트'),
	('TEMP_000000000000090', '테스트'),
	('TEMP_000000000000091', '테스트'),
	('TEMP_000000000000092', '테스트'),
	('TEMP_000000000000093', '테스트'),
	('TEMP_000000000000094', '테스트'),
	('TEMP_000000000000095', '테스트'),
	('TEMP_000000000000096', '테스트'),
	('TEMP_000000000000097', '테스트'),
	('TEMP_000000000000098', '테스트'),
	('TEMP_000000000000099', '테스트'),
	('TEMP_000000000000100', '테스트'),
	('TEMP_000000000000101', '테스트'),
	('TEMP_000000000000102', '테스트'),
	('TEMP_000000000000103', '테스트'),
	('TEMP_000000000000104', '테스트'),
	('TEMP_000000000000105', '테스트'),
	('TEMP_000000000000106', '테스트'),
	('TEMP_000000000000107', '테스트'),
	('TEMP_000000000000108', '테스트'),
	('TEMP_000000000000109', '테스트'),
	('TEMP_000000000000110', '테스트'),
	('TEMP_000000000000111', '테스트'),
	('TEMP_000000000000112', '테스트'),
	('TEMP_000000000000113', '테스트'),
	('TEMP_000000000000114', '테스트'),
	('TEMP_000000000000115', '테스트'),
	('TEMP_000000000000116', '테스트'),
	('TEMP_000000000000117', '테스트'),
	('TEMP_000000000000118', '테스트'),
	('TEMP_000000000000119', '테스트'),
	('TEMP_000000000000120', '테스트'),
	('TEMP_000000000000121', '테스트'),
	('TEMP_000000000000122', '테스트'),
	('TEMP_000000000000123', '테스트'),
	('TEMP_000000000000124', '테스트'),
	('TEMP_000000000000125', '테스트'),
	('TEMP_000000000000126', '테스트'),
	('TEMP_000000000000127', '테스트'),
	('TEMP_000000000000128', '테스트'),
	('TEMP_000000000000129', '테스트'),
	('TEMP_000000000000130', '테스트'),
	('TEMP_000000000000131', '테스트'),
	('TEMP_000000000000132', '테스트'),
	('TEMP_000000000000133', '테스트'),
	('TEMP_000000000000134', '테스트'),
	('TEMP_000000000000135', '테스트'),
	('TEMP_000000000000136', '테스트'),
	('TEMP_000000000000137', '테스트'),
	('TEMP_000000000000138', '테스트'),
	('TEMP_000000000000139', '테스트');

-- 테이블 homepage2025_db.lettnauthorgroupinfo 구조 내보내기
CREATE TABLE IF NOT EXISTS `lettnauthorgroupinfo` (
  `GROUP_ID` char(20) NOT NULL DEFAULT '',
  `GROUP_NM` varchar(60) NOT NULL,
  `GROUP_CREAT_DE` char(20) NOT NULL,
  `GROUP_DC` varchar(100) DEFAULT NULL,
  PRIMARY KEY (`GROUP_ID`)
) ENGINE=InnoDB DEFAULT CHARSET=utf8mb4 COLLATE=utf8mb4_unicode_ci;

-- 테이블 데이터 homepage2025_db.lettnauthorgroupinfo:~0 rows (대략적) 내보내기
INSERT INTO `lettnauthorgroupinfo` (`GROUP_ID`, `GROUP_NM`, `GROUP_CREAT_DE`, `GROUP_DC`) VALUES
	('GROUP_00000000000000', '기본 그룹입니다', '2011-08-02 21:01:59', '기본 그룹');

-- 테이블 homepage2025_db.lettnbbs 구조 내보내기
CREATE TABLE IF NOT EXISTS `lettnbbs` (
  `NTT_ID` decimal(20,0) NOT NULL,
  `BBS_ID` char(20) NOT NULL,
  `NTT_NO` decimal(20,0) DEFAULT NULL,
  `NTT_SJ` varchar(2000) DEFAULT NULL,
  `NTT_CN` mediumtext DEFAULT NULL,
  `ANSWER_AT` char(1) DEFAULT NULL,
  `PARNTSCTT_NO` decimal(10,0) DEFAULT NULL,
  `ANSWER_LC` int(11) DEFAULT NULL,
  `SORT_ORDR` decimal(8,0) DEFAULT NULL,
  `RDCNT` decimal(10,0) DEFAULT NULL,
  `USE_AT` char(1) NOT NULL,
  `NTCE_BGNDE` char(20) DEFAULT NULL,
  `NTCE_ENDDE` char(20) DEFAULT NULL,
  `NTCR_ID` varchar(20) DEFAULT NULL,
  `NTCR_NM` varchar(20) DEFAULT NULL,
  `PASSWORD` varchar(200) DEFAULT NULL,
  `ATCH_FILE_ID` char(20) DEFAULT NULL,
  `FRST_REGIST_PNTTM` datetime NOT NULL,
  `FRST_REGISTER_ID` varchar(20) NOT NULL,
  `LAST_UPDT_PNTTM` datetime DEFAULT NULL,
  `LAST_UPDUSR_ID` varchar(20) DEFAULT NULL,
  PRIMARY KEY (`NTT_ID`,`BBS_ID`),
  KEY `LETTNBBS_ibfk_1` (`BBS_ID`),
  CONSTRAINT `LETTNBBS_ibfk_1` FOREIGN KEY (`BBS_ID`) REFERENCES `lettnbbsmaster` (`BBS_ID`)
) ENGINE=InnoDB DEFAULT CHARSET=utf8mb4 COLLATE=utf8mb4_unicode_ci;

-- 테이블 데이터 homepage2025_db.lettnbbs:~10 rows (대략적) 내보내기
INSERT INTO `lettnbbs` (`NTT_ID`, `BBS_ID`, `NTT_NO`, `NTT_SJ`, `NTT_CN`, `ANSWER_AT`, `PARNTSCTT_NO`, `ANSWER_LC`, `SORT_ORDR`, `RDCNT`, `USE_AT`, `NTCE_BGNDE`, `NTCE_ENDDE`, `NTCR_ID`, `NTCR_NM`, `PASSWORD`, `ATCH_FILE_ID`, `FRST_REGIST_PNTTM`, `FRST_REGISTER_ID`, `LAST_UPDT_PNTTM`, `LAST_UPDUSR_ID`) VALUES
	(1, 'BBSMSTR_AAAAAAAAAAAA', 1, '홈페이지 샘플공지1', '홈페이지 샘플공지1', 'N', 0, 0, 2, 0, 'Y', '10000101', '99991231', '', '', '', NULL, '2025-03-18 23:50:22', 'USRCNFRM_00000000000', NULL, NULL),
	(2, 'BBSMSTR_AAAAAAAAAAAA', 1, '홈페이지 샘플공지2', '홈페이지 샘플공지2', 'N', 0, 0, 2, 0, 'Y', '10000101', '99991231', '', '', '', NULL, '2025-03-18 23:50:22', 'USRCNFRM_00000000000', NULL, NULL),
	(3, 'BBSMSTR_AAAAAAAAAAAA', 1, '홈페이지 샘플공지3', '홈페이지 샘플공지3', 'N', 0, 0, 2, 0, 'Y', '10000101', '99991231', '', '', '', NULL, '2025-03-18 23:50:22', 'USRCNFRM_00000000000', NULL, NULL),
	(4, 'BBSMSTR_AAAAAAAAAAAA', 1, '홈페이지 샘플공지4', '홈페이지 샘플공지4', 'N', 0, 0, 2, 0, 'Y', '10000101', '99991231', '', '', '', NULL, '2025-03-18 23:50:22', 'USRCNFRM_00000000000', NULL, NULL),
	(5, 'BBSMSTR_AAAAAAAAAAAA', 1, '홈페이지 샘플공지5', '홈페이지 샘플공지5', 'N', 0, 0, 2, 0, 'Y', '10000101', '99991231', '', '', '', NULL, '2025-03-18 23:50:22', 'USRCNFRM_00000000000', NULL, NULL),
	(6, 'BBSMSTR_BBBBBBBBBBBB', 1, '홈페이지 샘플게시1', '홈페이지 샘플게시1', 'N', 0, 0, 2, 0, 'Y', '10000101', '99991231', '', '', '', NULL, '2025-03-18 23:50:22', 'USRCNFRM_00000000000', NULL, NULL),
	(7, 'BBSMSTR_BBBBBBBBBBBB', 1, '홈페이지 샘플게시2', '홈페이지 샘플게시2', 'N', 0, 0, 2, 0, 'Y', '10000101', '99991231', '', '', '', NULL, '2025-03-18 23:50:22', 'USRCNFRM_00000000000', NULL, NULL),
	(8, 'BBSMSTR_BBBBBBBBBBBB', 1, '홈페이지 샘플게시3', '홈페이지 샘플게시3', 'N', 0, 0, 2, 0, 'Y', '10000101', '99991231', '', '', '', NULL, '2025-03-18 23:50:22', 'USRCNFRM_00000000000', NULL, NULL),
	(9, 'BBSMSTR_BBBBBBBBBBBB', 1, '홈페이지 샘플게시4', '홈페이지 샘플게시4', 'N', 0, 0, 2, 0, 'Y', '10000101', '99991231', '', '', '', NULL, '2025-03-18 23:50:22', 'USRCNFRM_00000000000', NULL, NULL),
	(10, 'BBSMSTR_BBBBBBBBBBBB', 1, '홈페이지 샘플게시5', '홈페이지 샘플게시5', 'N', 0, 0, 2, 0, 'Y', '10000101', '99991231', '', '', '', NULL, '2025-03-18 23:50:22', 'USRCNFRM_00000000000', NULL, NULL);

-- 테이블 homepage2025_db.lettnbbsmaster 구조 내보내기
CREATE TABLE IF NOT EXISTS `lettnbbsmaster` (
  `BBS_ID` char(20) NOT NULL,
  `BBS_NM` varchar(255) NOT NULL,
  `BBS_INTRCN` varchar(2400) DEFAULT NULL,
  `BBS_TY_CODE` char(6) NOT NULL,
  `BBS_ATTRB_CODE` char(6) NOT NULL,
  `REPLY_POSBL_AT` char(1) DEFAULT NULL,
  `FILE_ATCH_POSBL_AT` char(1) NOT NULL,
  `ATCH_POSBL_FILE_NUMBER` decimal(2,0) NOT NULL,
  `ATCH_POSBL_FILE_SIZE` decimal(8,0) DEFAULT NULL,
  `USE_AT` char(1) NOT NULL,
  `TMPLAT_ID` char(20) DEFAULT NULL,
  `FRST_REGISTER_ID` varchar(20) NOT NULL,
  `FRST_REGIST_PNTTM` datetime NOT NULL,
  `LAST_UPDUSR_ID` varchar(20) DEFAULT NULL,
  `LAST_UPDT_PNTTM` datetime DEFAULT NULL,
  PRIMARY KEY (`BBS_ID`)
) ENGINE=InnoDB DEFAULT CHARSET=utf8mb4 COLLATE=utf8mb4_unicode_ci;

-- 테이블 데이터 homepage2025_db.lettnbbsmaster:~3 rows (대략적) 내보내기
INSERT INTO `lettnbbsmaster` (`BBS_ID`, `BBS_NM`, `BBS_INTRCN`, `BBS_TY_CODE`, `BBS_ATTRB_CODE`, `REPLY_POSBL_AT`, `FILE_ATCH_POSBL_AT`, `ATCH_POSBL_FILE_NUMBER`, `ATCH_POSBL_FILE_SIZE`, `USE_AT`, `TMPLAT_ID`, `FRST_REGISTER_ID`, `FRST_REGIST_PNTTM`, `LAST_UPDUSR_ID`, `LAST_UPDT_PNTTM`) VALUES
	('BBSMSTR_AAAAAAAAAAAA', '공지사항', '공지사항게시판', 'BBST03', 'BBSA03', 'Y', 'Y', 2, 5242880, 'Y', 'TMPLAT_BOARD_DEFAULT', 'USRCNFRM_00000000000', '2011-08-31 12:00:00', 'USRCNFRM_00000000000', '2011-08-31 12:00:00'),
	('BBSMSTR_BBBBBBBBBBBB', '갤러리', '갤러리게시판', 'BBST01', 'BBSA02', 'Y', 'Y', 2, 5242880, 'Y', 'TMPLAT_BOARD_DEFAULT', 'USRCNFRM_00000000000', '2011-08-31 12:00:00', 'USRCNFRM_00000000000', '2011-08-31 12:00:00'),
	('BBSMSTR_CCCCCCCCCCCC', '자료실', '자료실게시판', 'BBST01', 'BBSA03', 'Y', 'Y', 2, 5242880, 'Y', 'TMPLAT_BOARD_DEFAULT', 'USRCNFRM_00000000000', '2011-08-31 12:00:00', 'USRCNFRM_00000000000', '2011-08-31 12:00:00');

-- 테이블 homepage2025_db.lettnbbsmasteroptn 구조 내보내기
CREATE TABLE IF NOT EXISTS `lettnbbsmasteroptn` (
  `BBS_ID` char(20) NOT NULL DEFAULT '',
  `ANSWER_AT` char(1) NOT NULL DEFAULT '',
  `STSFDG_AT` char(1) NOT NULL DEFAULT '',
  `FRST_REGIST_PNTTM` datetime NOT NULL DEFAULT '1900-01-01 00:00:00',
  `LAST_UPDT_PNTTM` datetime DEFAULT NULL,
  `FRST_REGISTER_ID` varchar(20) NOT NULL DEFAULT '',
  `LAST_UPDUSR_ID` varchar(20) DEFAULT NULL,
  PRIMARY KEY (`BBS_ID`)
) ENGINE=InnoDB DEFAULT CHARSET=utf8mb4 COLLATE=utf8mb4_unicode_ci;

-- 테이블 데이터 homepage2025_db.lettnbbsmasteroptn:~0 rows (대략적) 내보내기

-- 테이블 homepage2025_db.lettnbbsuse 구조 내보내기
CREATE TABLE IF NOT EXISTS `lettnbbsuse` (
  `BBS_ID` char(20) NOT NULL,
  `TRGET_ID` char(20) NOT NULL DEFAULT '',
  `USE_AT` char(1) NOT NULL,
  `REGIST_SE_CODE` char(6) DEFAULT NULL,
  `FRST_REGIST_PNTTM` datetime DEFAULT NULL,
  `FRST_REGISTER_ID` varchar(20) NOT NULL,
  `LAST_UPDT_PNTTM` datetime DEFAULT NULL,
  `LAST_UPDUSR_ID` varchar(20) DEFAULT NULL,
  PRIMARY KEY (`BBS_ID`,`TRGET_ID`),
  CONSTRAINT `LETTNBBSUSE_ibfk_1` FOREIGN KEY (`BBS_ID`) REFERENCES `lettnbbsmaster` (`BBS_ID`)
) ENGINE=InnoDB DEFAULT CHARSET=utf8mb4 COLLATE=utf8mb4_unicode_ci;

-- 테이블 데이터 homepage2025_db.lettnbbsuse:~3 rows (대략적) 내보내기
INSERT INTO `lettnbbsuse` (`BBS_ID`, `TRGET_ID`, `USE_AT`, `REGIST_SE_CODE`, `FRST_REGIST_PNTTM`, `FRST_REGISTER_ID`, `LAST_UPDT_PNTTM`, `LAST_UPDUSR_ID`) VALUES
	('BBSMSTR_AAAAAAAAAAAA', 'SYSTEM_DEFAULT_BOARD', 'Y', 'REGC01', '2011-08-31 12:00:00', 'USRCNFRM_00000000000', '2011-09-05 18:15:31', ''),
	('BBSMSTR_BBBBBBBBBBBB', 'SYSTEM_DEFAULT_BOARD', 'Y', 'REGC01', '2011-08-31 12:00:00', 'USRCNFRM_00000000000', '2011-08-31 12:00:00', 'USRCNFRM_00000000000'),
	('BBSMSTR_CCCCCCCCCCCC', 'SYSTEM_DEFAULT_BOARD', 'Y', 'REGC01', '2011-08-31 12:00:00', 'USRCNFRM_00000000000', '2011-08-31 12:00:00', 'USRCNFRM_00000000000');

-- 테이블 homepage2025_db.lettnemplyrinfo 구조 내보내기
CREATE TABLE IF NOT EXISTS `lettnemplyrinfo` (
  `EMPLYR_ID` varchar(20) NOT NULL,
  `ORGNZT_ID` char(20) DEFAULT NULL,
  `USER_NM` varchar(60) NOT NULL,
  `PASSWORD` varchar(200) NOT NULL,
  `EMPL_NO` varchar(20) DEFAULT NULL,
  `IHIDNUM` varchar(200) DEFAULT NULL,
  `SEXDSTN_CODE` char(1) DEFAULT NULL,
  `BRTHDY` char(20) DEFAULT NULL,
  `FXNUM` varchar(20) DEFAULT NULL,
  `HOUSE_ADRES` varchar(100) DEFAULT NULL,
  `PASSWORD_HINT` varchar(100) NOT NULL,
  `PASSWORD_CNSR` varchar(100) NOT NULL,
  `HOUSE_END_TELNO` varchar(4) DEFAULT NULL,
  `AREA_NO` varchar(4) DEFAULT NULL,
  `DETAIL_ADRES` varchar(100) DEFAULT NULL,
  `ZIP` varchar(6) DEFAULT NULL,
  `OFFM_TELNO` varchar(20) DEFAULT NULL,
  `MBTLNUM` varchar(20) DEFAULT NULL,
  `EMAIL_ADRES` varchar(50) DEFAULT NULL,
  `OFCPS_NM` varchar(60) DEFAULT NULL,
  `HOUSE_MIDDLE_TELNO` varchar(4) DEFAULT NULL,
  `GROUP_ID` char(20) DEFAULT NULL,
  `PSTINST_CODE` char(8) DEFAULT NULL,
  `EMPLYR_STTUS_CODE` varchar(15) NOT NULL,
  `ESNTL_ID` char(20) NOT NULL,
  `CRTFC_DN_VALUE` varchar(20) DEFAULT NULL,
  `SBSCRB_DE` datetime DEFAULT NULL,
  PRIMARY KEY (`EMPLYR_ID`),
  KEY `LETTNEMPLYRINFO_ibfk_2` (`GROUP_ID`),
  KEY `LETTNEMPLYRINFO_ibfk_1` (`ORGNZT_ID`),
  CONSTRAINT `LETTNEMPLYRINFO_ibfk_1` FOREIGN KEY (`ORGNZT_ID`) REFERENCES `lettnorgnztinfo` (`ORGNZT_ID`) ON DELETE CASCADE,
  CONSTRAINT `LETTNEMPLYRINFO_ibfk_2` FOREIGN KEY (`GROUP_ID`) REFERENCES `lettnauthorgroupinfo` (`GROUP_ID`) ON DELETE CASCADE
) ENGINE=InnoDB DEFAULT CHARSET=utf8mb4 COLLATE=utf8mb4_unicode_ci;

-- 테이블 데이터 homepage2025_db.lettnemplyrinfo:~4 rows (대략적) 내보내기
INSERT INTO `lettnemplyrinfo` (`EMPLYR_ID`, `ORGNZT_ID`, `USER_NM`, `PASSWORD`, `EMPL_NO`, `IHIDNUM`, `SEXDSTN_CODE`, `BRTHDY`, `FXNUM`, `HOUSE_ADRES`, `PASSWORD_HINT`, `PASSWORD_CNSR`, `HOUSE_END_TELNO`, `AREA_NO`, `DETAIL_ADRES`, `ZIP`, `OFFM_TELNO`, `MBTLNUM`, `EMAIL_ADRES`, `OFCPS_NM`, `HOUSE_MIDDLE_TELNO`, `GROUP_ID`, `PSTINST_CODE`, `EMPLYR_STTUS_CODE`, `ESNTL_ID`, `CRTFC_DN_VALUE`, `SBSCRB_DE`) VALUES
	('1004class', NULL, '문성진', 'LJcE2nMcIo5Uo1qRBVWiHlhyjQD06k0JLzGms1rfe1Q=', NULL, NULL, NULL, NULL, NULL, NULL, '1', '1', NULL, NULL, NULL, NULL, NULL, NULL, 'sj1004class@daum.net', NULL, NULL, NULL, NULL, 'P', 'ESNTL_00000000000002', NULL, '2025-06-24 22:01:24'),
	('admin', 'ORGNZT_0000000000000', '관리자', 'JfQ7FIatlaE5jj7rPYO8QBABX8yb7bNbQy4AKY1QIfc=', '', '', 'F', '', '', '관리자 주소', '', '', '', '', '', '', '', '', '', '', '', 'GROUP_00000000000000', '00000000', 'P', 'USRCNFRM_00000000000', '', '2011-08-02 21:01:59'),
	('user1', 'ORGNZT_0000000000000', '사용자1', 'gRFeMeIqWAGxl3UOwS16Ua1pOqAX7Mi8oDPL1QCpKLY=', NULL, NULL, NULL, NULL, NULL, NULL, '비밀번호 힌트', '비밀번호 답', NULL, NULL, NULL, NULL, NULL, NULL, NULL, NULL, NULL, 'GROUP_00000000000000', '00000000', 'P', 'USRCNFRM_00000000001', NULL, NULL),
	('user2', 'ORGNZT_0000000000000', '사용자2', 'j6s6YFd779dlzeg/JzfNGp8lpyNWyUBSwhlOgWgpszE=', NULL, NULL, NULL, NULL, NULL, NULL, '비밀번호 힌트', '비밀번호 답', NULL, NULL, NULL, NULL, NULL, NULL, NULL, NULL, NULL, 'GROUP_00000000000000', '00000000', 'P', 'USRCNFRM_00000000002', NULL, NULL);

-- 테이블 homepage2025_db.lettnentrprsmber 구조 내보내기
CREATE TABLE IF NOT EXISTS `lettnentrprsmber` (
  `ENTRPRS_MBER_ID` varchar(20) NOT NULL DEFAULT '',
  `ENTRPRS_SE_CODE` char(15) DEFAULT NULL,
  `BIZRNO` varchar(10) DEFAULT NULL,
  `JURIRNO` varchar(13) DEFAULT NULL,
  `CMPNY_NM` varchar(60) NOT NULL,
  `CXFC` varchar(50) DEFAULT NULL,
  `ZIP` varchar(6) DEFAULT NULL,
  `ADRES` varchar(100) DEFAULT NULL,
  `ENTRPRS_MIDDLE_TELNO` varchar(4) DEFAULT NULL,
  `FXNUM` varchar(20) DEFAULT NULL,
  `INDUTY_CODE` char(15) DEFAULT NULL,
  `APPLCNT_NM` varchar(50) NOT NULL,
  `APPLCNT_IHIDNUM` varchar(200) DEFAULT NULL,
  `SBSCRB_DE` datetime DEFAULT NULL,
  `ENTRPRS_MBER_STTUS` varchar(15) DEFAULT NULL,
  `ENTRPRS_MBER_PASSWORD` varchar(200) NOT NULL,
  `ENTRPRS_MBER_PASSWORD_HINT` varchar(100) NOT NULL,
  `ENTRPRS_MBER_PASSWORD_CNSR` varchar(100) NOT NULL,
  `GROUP_ID` char(20) DEFAULT NULL,
  `DETAIL_ADRES` varchar(100) DEFAULT NULL,
  `ENTRPRS_END_TELNO` varchar(4) DEFAULT NULL,
  `AREA_NO` varchar(4) DEFAULT NULL,
  `APPLCNT_EMAIL_ADRES` varchar(50) DEFAULT NULL,
  `ESNTL_ID` char(20) NOT NULL,
  PRIMARY KEY (`ENTRPRS_MBER_ID`),
  KEY `LETTNENTRPRSMBER_ibfk_1` (`GROUP_ID`),
  CONSTRAINT `LETTNENTRPRSMBER_ibfk_1` FOREIGN KEY (`GROUP_ID`) REFERENCES `lettnauthorgroupinfo` (`GROUP_ID`) ON DELETE CASCADE
) ENGINE=InnoDB DEFAULT CHARSET=utf8mb4 COLLATE=utf8mb4_unicode_ci;

-- 테이블 데이터 homepage2025_db.lettnentrprsmber:~0 rows (대략적) 내보내기

-- 테이블 homepage2025_db.lettnfile 구조 내보내기
CREATE TABLE IF NOT EXISTS `lettnfile` (
  `ATCH_FILE_ID` char(20) NOT NULL,
  `CREAT_DT` datetime NOT NULL,
  `USE_AT` char(1) DEFAULT NULL,
  PRIMARY KEY (`ATCH_FILE_ID`)
) ENGINE=InnoDB DEFAULT CHARSET=utf8mb4 COLLATE=utf8mb4_unicode_ci;

-- 테이블 데이터 homepage2025_db.lettnfile:~6 rows (대략적) 내보내기
INSERT INTO `lettnfile` (`ATCH_FILE_ID`, `CREAT_DT`, `USE_AT`) VALUES
	('FILE_000000000000001', '2025-06-03 23:44:52', 'Y'),
	('FILE_000000000000011', '2025-06-03 23:50:45', 'Y'),
	('FILE_000000000000021', '2025-06-04 00:00:37', 'Y'),
	('FILE_000000000000031', '2025-06-04 00:39:35', 'Y'),
	('FILE_000000000000041', '2025-06-24 21:38:04', 'Y'),
	('FILE_000000000000042', '2025-06-24 21:38:31', 'Y');

-- 테이블 homepage2025_db.lettnfiledetail 구조 내보내기
CREATE TABLE IF NOT EXISTS `lettnfiledetail` (
  `ATCH_FILE_ID` char(20) NOT NULL,
  `FILE_SN` decimal(10,0) NOT NULL,
  `FILE_STRE_COURS` varchar(2000) NOT NULL,
  `STRE_FILE_NM` varchar(255) NOT NULL,
  `ORIGNL_FILE_NM` varchar(255) DEFAULT NULL,
  `FILE_EXTSN` varchar(20) NOT NULL,
  `FILE_CN` mediumtext DEFAULT NULL,
  `FILE_SIZE` decimal(8,0) DEFAULT NULL,
  PRIMARY KEY (`ATCH_FILE_ID`,`FILE_SN`),
  CONSTRAINT `LETTNFILEDETAIL_ibfk_1` FOREIGN KEY (`ATCH_FILE_ID`) REFERENCES `lettnfile` (`ATCH_FILE_ID`)
) ENGINE=InnoDB DEFAULT CHARSET=utf8mb4 COLLATE=utf8mb4_unicode_ci;

-- 테이블 데이터 homepage2025_db.lettnfiledetail:~8 rows (대략적) 내보내기
INSERT INTO `lettnfiledetail` (`ATCH_FILE_ID`, `FILE_SN`, `FILE_STRE_COURS`, `STRE_FILE_NM`, `ORIGNL_FILE_NM`, `FILE_EXTSN`, `FILE_CN`, `FILE_SIZE`) VALUES
	('FILE_000000000000001', 0, 'D:/JAVA_PROJECTS/kopo/2025/homepage/workspace/.metadata/.plugins/org.eclipse.wst.server.core/tmp0/wtpwebapps/homepage2025/upload/board', 'BOARD_202506031144539690', 'images.jpg', 'jpg', '', 15115),
	('FILE_000000000000001', 1, 'D:/JAVA_PROJECTS/kopo/2025/homepage/workspace/.metadata/.plugins/org.eclipse.wst.server.core/tmp0/wtpwebapps/homepage2025/upload/board', 'BOARD_202506031144539711', 'images2.jpg', 'jpg', '', 5365),
	('FILE_000000000000011', 0, 'D:/JAVA_PROJECTS/kopo/2025/homepage/workspace/.metadata/.plugins/org.eclipse.wst.server.core/tmp0/wtpwebapps/homepage2025/upload/board', 'BOARD_202506031150477300', 'Oi88e1594808110.jpg', 'jpg', '', 42979),
	('FILE_000000000000021', 0, 'D:/JAVA_PROJECTS/kopo/2025/homepage/workspace/.metadata/.plugins/org.eclipse.wst.server.core/tmp0/wtpwebapps/homepage2025/upload/board', 'BOARD_202506041200397700', 'images.jpg', 'jpg', '', 15115),
	('FILE_000000000000021', 2, 'D:/JAVA_PROJECTS/kopo/2025/homepage/workspace/.metadata/.plugins/org.eclipse.wst.server.core/tmp0/wtpwebapps/homepage2025/upload/board', 'BOARD_202506041226008682', 'images2.jpg', 'jpg', '', 5365),
	('FILE_000000000000031', 0, 'D:/JAVA_PROJECTS/kopo/2025/homepage/workspace/.metadata/.plugins/org.eclipse.wst.server.core/tmp0/wtpwebapps/homepage2025/upload/board', 'BOARD_202506041239025950', 'test.pdf', 'pdf', '', 708833),
	('FILE_000000000000041', 0, 'D:/JAVA_PROJECTS/kopo/2025/homepage/workspace/.metadata/.plugins/org.eclipse.wst.server.core/tmp0/wtpwebapps/homepage2025/upload/board', 'BOARD_202506240938054830', 'KakaoTalk_20240514_133926561_03.jpg', 'jpg', '', 1559182),
	('FILE_000000000000042', 0, 'D:/JAVA_PROJECTS/kopo/2025/homepage/workspace/.metadata/.plugins/org.eclipse.wst.server.core/tmp0/wtpwebapps/homepage2025/upload/board', 'BOARD_202506240938322500', 'Oi88e1594808110.jpg', 'jpg', '', 42979);

-- 테이블 homepage2025_db.lettngnrlmber 구조 내보내기
CREATE TABLE IF NOT EXISTS `lettngnrlmber` (
  `MBER_ID` varchar(20) NOT NULL DEFAULT '',
  `PASSWORD` varchar(200) NOT NULL,
  `PASSWORD_HINT` varchar(100) NOT NULL,
  `PASSWORD_CNSR` varchar(100) NOT NULL,
  `IHIDNUM` varchar(200) DEFAULT NULL,
  `MBER_NM` varchar(50) NOT NULL,
  `ZIP` varchar(6) DEFAULT NULL,
  `ADRES` varchar(100) DEFAULT NULL,
  `AREA_NO` varchar(4) DEFAULT NULL,
  `MBER_STTUS` varchar(15) DEFAULT NULL,
  `DETAIL_ADRES` varchar(100) DEFAULT NULL,
  `END_TELNO` varchar(4) DEFAULT NULL,
  `MBTLNUM` varchar(20) DEFAULT NULL,
  `GROUP_ID` char(20) DEFAULT NULL,
  `MBER_FXNUM` varchar(20) DEFAULT NULL,
  `MBER_EMAIL_ADRES` varchar(50) DEFAULT NULL,
  `MIDDLE_TELNO` varchar(4) DEFAULT NULL,
  `SBSCRB_DE` datetime DEFAULT NULL,
  `SEXDSTN_CODE` char(1) DEFAULT NULL,
  `ESNTL_ID` char(20) NOT NULL,
  PRIMARY KEY (`MBER_ID`),
  KEY `LETTNGNRLMBER_ibfk_1` (`GROUP_ID`),
  CONSTRAINT `LETTNGNRLMBER_ibfk_1` FOREIGN KEY (`GROUP_ID`) REFERENCES `lettnauthorgroupinfo` (`GROUP_ID`) ON DELETE CASCADE
) ENGINE=InnoDB DEFAULT CHARSET=utf8mb4 COLLATE=utf8mb4_unicode_ci;

-- 테이블 데이터 homepage2025_db.lettngnrlmber:~0 rows (대략적) 내보내기

-- 테이블 homepage2025_db.lettnorgnztinfo 구조 내보내기
CREATE TABLE IF NOT EXISTS `lettnorgnztinfo` (
  `ORGNZT_ID` char(20) NOT NULL DEFAULT '',
  `ORGNZT_NM` varchar(20) NOT NULL,
  `ORGNZT_DC` varchar(100) DEFAULT NULL,
  PRIMARY KEY (`ORGNZT_ID`)
) ENGINE=InnoDB DEFAULT CHARSET=utf8mb4 COLLATE=utf8mb4_unicode_ci;

-- 테이블 데이터 homepage2025_db.lettnorgnztinfo:~0 rows (대략적) 내보내기
INSERT INTO `lettnorgnztinfo` (`ORGNZT_ID`, `ORGNZT_NM`, `ORGNZT_DC`) VALUES
	('ORGNZT_0000000000000', '기본조직', '기본조직');

-- 테이블 homepage2025_db.lettnschdulinfo 구조 내보내기
CREATE TABLE IF NOT EXISTS `lettnschdulinfo` (
  `SCHDUL_ID` char(20) NOT NULL,
  `SCHDUL_SE` char(1) DEFAULT NULL,
  `SCHDUL_DEPT_ID` varchar(20) DEFAULT NULL,
  `SCHDUL_KND_CODE` varchar(20) DEFAULT NULL,
  `SCHDUL_BEGINDE` datetime DEFAULT NULL,
  `SCHDUL_ENDDE` datetime DEFAULT NULL,
  `SCHDUL_NM` varchar(255) DEFAULT NULL,
  `SCHDUL_CN` varchar(2500) DEFAULT NULL,
  `SCHDUL_PLACE` varchar(255) DEFAULT NULL,
  `SCHDUL_IPCR_CODE` char(1) DEFAULT NULL,
  `SCHDUL_CHARGER_ID` varchar(20) DEFAULT NULL,
  `ATCH_FILE_ID` char(20) DEFAULT NULL,
  `FRST_REGIST_PNTTM` datetime DEFAULT NULL,
  `FRST_REGISTER_ID` varchar(20) DEFAULT NULL,
  `LAST_UPDT_PNTTM` datetime DEFAULT NULL,
  `LAST_UPDUSR_ID` varchar(20) DEFAULT NULL,
  `REPTIT_SE_CODE` char(3) DEFAULT NULL,
  PRIMARY KEY (`SCHDUL_ID`)
) ENGINE=InnoDB DEFAULT CHARSET=utf8mb4 COLLATE=utf8mb4_unicode_ci;

-- 테이블 데이터 homepage2025_db.lettnschdulinfo:~0 rows (대략적) 내보내기

-- 테이블 homepage2025_db.lettntmplatinfo 구조 내보내기
CREATE TABLE IF NOT EXISTS `lettntmplatinfo` (
  `TMPLAT_ID` char(20) NOT NULL DEFAULT '',
  `TMPLAT_NM` varchar(255) DEFAULT NULL,
  `TMPLAT_COURS` varchar(2000) DEFAULT NULL,
  `USE_AT` char(1) DEFAULT NULL,
  `TMPLAT_SE_CODE` char(6) DEFAULT NULL,
  `FRST_REGISTER_ID` varchar(20) DEFAULT NULL,
  `FRST_REGIST_PNTTM` datetime DEFAULT NULL,
  `LAST_UPDUSR_ID` varchar(20) DEFAULT NULL,
  `LAST_UPDT_PNTTM` datetime DEFAULT NULL,
  PRIMARY KEY (`TMPLAT_ID`)
) ENGINE=InnoDB DEFAULT CHARSET=utf8mb4 COLLATE=utf8mb4_unicode_ci;

-- 테이블 데이터 homepage2025_db.lettntmplatinfo:~0 rows (대략적) 내보내기
INSERT INTO `lettntmplatinfo` (`TMPLAT_ID`, `TMPLAT_NM`, `TMPLAT_COURS`, `USE_AT`, `TMPLAT_SE_CODE`, `FRST_REGISTER_ID`, `FRST_REGIST_PNTTM`, `LAST_UPDUSR_ID`, `LAST_UPDT_PNTTM`) VALUES
	('TMPLAT_BOARD_DEFAULT', '게시판 기본템플릿', '/css/egovframework/cop/bbs/egovbbsTemplate.css', 'Y', 'TMPT01', 'USRCNFRM_00000000000', '2011-08-02 21:01:59', 'USRCNFRM_00000000000', '2011-08-08 16:12:57');

-- 임시 테이블을 제거하고 최종 VIEW 구조를 생성
DROP TABLE IF EXISTS `comvnusermaster`;
CREATE ALGORITHM=UNDEFINED SQL SECURITY DEFINER VIEW `homepage2025_db`.`comvnusermaster` AS select `homepage2025_db`.`lettngnrlmber`.`ESNTL_ID` AS `ESNTL_ID`,`homepage2025_db`.`lettngnrlmber`.`MBER_ID` AS `USER_ID`,`homepage2025_db`.`lettngnrlmber`.`PASSWORD` AS `PASSWORD`,`homepage2025_db`.`lettngnrlmber`.`MBER_NM` AS `USER_NM`,`homepage2025_db`.`lettngnrlmber`.`ZIP` AS `USER_ZIP`,`homepage2025_db`.`lettngnrlmber`.`ADRES` AS `USER_ADRES`,`homepage2025_db`.`lettngnrlmber`.`MBER_EMAIL_ADRES` AS `USER_EMAIL`,' ' AS `GROUP_ID`,'GNR' AS `USER_SE`,' ' AS `ORGNZT_ID` from `homepage2025_db`.`lettngnrlmber` union all select `homepage2025_db`.`lettnemplyrinfo`.`ESNTL_ID` AS `ESNTL_ID`,`homepage2025_db`.`lettnemplyrinfo`.`EMPLYR_ID` AS `EMPLYR_ID`,`homepage2025_db`.`lettnemplyrinfo`.`PASSWORD` AS `PASSWORD`,`homepage2025_db`.`lettnemplyrinfo`.`USER_NM` AS `USER_NM`,`homepage2025_db`.`lettnemplyrinfo`.`ZIP` AS `ZIP`,`homepage2025_db`.`lettnemplyrinfo`.`HOUSE_ADRES` AS `HOUSE_ADRES`,`homepage2025_db`.`lettnemplyrinfo`.`EMAIL_ADRES` AS `EMAIL_ADRES`,`homepage2025_db`.`lettnemplyrinfo`.`GROUP_ID` AS `GROUP_ID`,'USR' AS `USER_SE`,`homepage2025_db`.`lettnemplyrinfo`.`ORGNZT_ID` AS `ORGNZT_ID` from `homepage2025_db`.`lettnemplyrinfo` union all select `homepage2025_db`.`lettnentrprsmber`.`ESNTL_ID` AS `ESNTL_ID`,`homepage2025_db`.`lettnentrprsmber`.`ENTRPRS_MBER_ID` AS `ENTRPRS_MBER_ID`,`homepage2025_db`.`lettnentrprsmber`.`ENTRPRS_MBER_PASSWORD` AS `ENTRPRS_MBER_PASSWORD`,`homepage2025_db`.`lettnentrprsmber`.`CMPNY_NM` AS `CMPNY_NM`,`homepage2025_db`.`lettnentrprsmber`.`ZIP` AS `ZIP`,`homepage2025_db`.`lettnentrprsmber`.`ADRES` AS `ADRES`,`homepage2025_db`.`lettnentrprsmber`.`APPLCNT_EMAIL_ADRES` AS `APPLCNT_EMAIL_ADRES`,' ' AS `Name_exp_8`,'ENT' AS `USER_SE`,' ' AS `ORGNZT_ID` from `homepage2025_db`.`lettnentrprsmber`;

/*!40103 SET TIME_ZONE=IFNULL(@OLD_TIME_ZONE, 'system') */;
/*!40101 SET SQL_MODE=IFNULL(@OLD_SQL_MODE, '') */;
/*!40014 SET FOREIGN_KEY_CHECKS=IFNULL(@OLD_FOREIGN_KEY_CHECKS, 1) */;
/*!40101 SET CHARACTER_SET_CLIENT=@OLD_CHARACTER_SET_CLIENT */;
/*!40111 SET SQL_NOTES=IFNULL(@OLD_SQL_NOTES, 1) */;
